feature_date,target_date,fold,cutoff,staleness_days,close,actual,lo_fresh,pred_fresh,hi_fresh,ae_fresh,lo_stale,pred_stale,hi_stale,ae_stale,delta_ae,ae_persistence
2024-06-14,2024-06-15,1,2024-06-13,1,66011.09375,66191.0,64652.59765855968,66477.89874223992,69067.91455326602,286.8987422399223,64438.85226313956,66195.50694251433,68699.48162501678,4.506942514330149,-282.39179972559214,179.90625
2024-06-15,2024-06-16,1,2024-06-13,2,66191.0,66639.046875,64217.47862422466,65988.46059376001,67608.60619616508,650.5862812399864,64760.9306294322,66204.38242721558,67722.33315575123,434.6644477844238,-215.9218334555626,448.046875
2024-06-16,2024-06-17,1,2024-06-13,3,66639.046875,66490.296875,65165.265297076665,66342.05273646489,68186.25081223994,148.24413853511214,65165.265297076665,66266.85886661243,68424.88043101318,223.43800838757306,75.19386985246092,148.75
2024-06-17,2024-06-18,1,2024-06-13,4,66490.296875,65140.74609375,65205.24387560412,66438.83958824724,68797.10833415017,1298.0934944972396,65031.24262984935,66411.47813509405,68706.32094005495,1270.7320413440466,-27.361453153192997,1349.55078125
2024-06-18,2024-06-19,1,2024-06-13,5,65140.74609375,64960.296875,63576.945688592736,65441.918671667576,66909.18761240412,481.62179666757584,63604.89329863619,65409.42054773541,67002.78376240516,449.1236727354117,-32.49812393216416,180.44921875
2024-06-19,2024-06-20,1,2024-06-13,6,64960.296875,64828.65625,63487.33520262316,65617.26364540868,66969.42093268968,788.6073954086751,63687.81240285095,65545.79546143115,66974.96554421075,717.1392114311457,-71.4681839775294,131.640625
2024-06-20,2024-06-21,1,2024-06-13,7,64828.65625,64096.19921875,62762.423516834155,65078.14502212033,66395.42069961876,981.9458033703268,63491.96352514066,65024.024591207504,66188.36735319346,927.8253724575043,-54.120430912822485,732.45703125
2024-06-21,2024-06-22,1,2024-06-13,8,64096.19921875,64252.578125,62797.053953127004,64341.325724498834,66328.84392205719,88.74759949883446,62749.810501082335,64581.4627471189,66246.26148154307,328.88462211890146,240.137022620067,156.37890625
2024-06-22,2024-06-23,1,2024-06-13,9,64252.578125,63180.796875,62800.47783138696,64556.66044134647,66744.19951902702,1375.8635663464665,62840.83575896453,64539.863148657605,66827.55790312774,1359.066273657605,-16.79729268886149,1071.78125
2024-06-23,2024-06-24,1,2024-06-13,10,63180.796875,60277.4140625,61284.723281037994,63400.354566777125,64662.08636472188,3122.940504277125,61879.57240933087,63434.47333950363,64988.94119474664,3157.059277003631,34.118772726505995,2903.3828125
2024-06-24,2024-06-25,1,2024-06-13,11,60277.4140625,61804.640625,59116.55434965622,60479.07870407868,62916.055598176084,1325.5619209213182,58864.44300876511,60682.87747708615,63272.18967855815,1121.7631479138508,-203.7987730074674,1527.2265625
2024-06-25,2024-06-26,1,2024-06-13,12,61804.640625,60811.27734375,60432.23204090819,61794.00168453902,64800.21703043394,982.7243407890201,60624.58393708896,61874.000033240765,64909.664025273174,1062.7226894907653,79.99834870174527,993.36328125
2024-06-26,2024-06-27,1,2024-06-13,13,60811.27734375,61604.80078125,59786.372044027084,61349.90529226279,62693.579080511816,254.89548898721114,59539.925889363745,60931.694953913335,62678.52959771734,673.1058273366652,418.2103383494541,793.5234375
2024-06-27,2024-06-28,1,2024-06-13,14,61604.80078125,60320.13671875,60270.75841318164,61678.09254929982,64059.09827693598,1357.9558305498213,60201.47272323514,61709.920858190395,64272.89286125125,1389.784139440395,31.82830889057368,1284.6640625
2024-06-28,2024-06-29,1,2024-06-13,15,60320.13671875,60887.37890625,58943.807619995205,60315.175121505745,61661.64475278696,572.2037847442552,59041.144809990656,60331.879165561404,61945.03824408166,555.4997406885959,-16.704044055659324,567.2421875
2024-06-29,2024-06-30,1,2024-06-13,16,60887.37890625,62678.29296875,57783.67955428152,60569.16959965951,63262.467824514024,2109.123369090492,59633.703700608574,60744.95573557634,63799.933472360484,1933.337233173661,-175.78613591683097,1790.9140625
2024-06-30,2024-07-01,1,2024-06-13,17,62678.29296875,62851.98046875,58553.24989796942,62327.6434986738,64736.56676607067,524.3369700761978,60540.6645502008,62478.78750842111,65530.239999547135,373.19296032888815,-151.1440097473096,173.6875
2024-07-01,2024-07-02,1,2024-06-13,18,62851.98046875,62029.015625,60707.36079198215,62583.41037465306,65961.60182690201,554.39474965306,60800.07348118164,62745.83740171068,66329.32070200564,716.8217767106835,162.4270270576235,822.96484375
2024-07-02,2024-07-03,1,2024-06-13,19,62029.015625,60173.921875,60026.828188625164,61553.143070810474,64503.851641954854,1379.2211958104745,60443.508291566744,61873.25924859941,64592.59964943491,1699.33737359941,320.1161777889356,1855.09375
2024-07-03,2024-07-04,1,2024-06-13,20,60173.921875,56977.703125,58087.010823339224,60309.94180900976,63509.25805455819,3332.2386840097606,58355.52143244445,60292.91959070973,63656.45397512987,3315.216465709731,-17.022218300029635,3196.21875
2024-07-04,2024-07-05,1,2024-06-13,21,56977.703125,56662.375,54937.613811819814,57033.63748088293,58507.16644675471,371.2624808829278,55157.43209469039,57111.23918288201,58827.0009276066,448.86418288201094,77.60170199908316,315.328125
2024-07-05,2024-07-06,1,2024-06-13,22,56662.375,58303.5390625,55033.94963701069,56588.74221731722,57967.061989590526,1714.7968451827765,55031.65304531157,56569.02192477137,58405.40028877556,1734.5171377286315,19.720292545855045,1641.1640625
2024-07-06,2024-07-07,1,2024-06-13,23,58303.5390625,55849.109375,56631.86116215773,58192.16707921773,60034.58662592247,2343.057704217732,56646.189253991004,58176.34466783842,60179.528671564534,2327.2352928384207,-15.822411379311234,2454.4296875
2024-07-07,2024-07-08,1,2024-06-13,24,55849.109375,56705.09765625,54113.60158742871,55688.877723297104,58724.55747587979,1016.2199329528958,54169.230272591114,55617.33039936703,59061.685084110126,1087.767256882973,71.54732393007725,855.98828125
2024-07-08,2024-07-09,1,2024-06-13,25,56705.09765625,58009.2265625,55109.17913696612,56999.49259138433,59563.535861363634,1009.7339711156674,55227.46842928813,56785.424055510666,59633.486006911844,1223.8025069893338,214.0685358736664,1304.12890625
2024-07-09,2024-07-10,1,2024-06-13,26,58009.2265625,57742.49609375,56075.84338497836,57597.07833682001,59532.605238334276,145.41775692999363,56239.86938898871,57734.33545187721,60028.51083497796,8.16064187278971,-137.25711505720392,266.73046875
2024-07-10,2024-07-11,1,2024-06-13,27,57742.49609375,57344.9140625,55720.58827661304,57538.32976420061,59567.31720136898,193.41570170060731,55997.24413319281,57648.186055781785,59667.05827502487,303.2719932817854,109.85629158117808,397.58203125
2024-07-11,2024-07-12,1,2024-06-13,28,57344.9140625,57899.46484375,55639.62809163798,57294.484547729604,59123.13381309435,604.980296020396,55775.31335989339,57257.09137356747,59139.089145543054,642.3734701825306,37.39317416213453,554.55078125
2024-07-12,2024-07-13,1,2024-06-13,29,57899.46484375,59231.953125,55423.56209782441,57661.04718680796,59848.62625079276,1570.9059381920379,55940.9993330217,57736.20129139256,60157.180146310944,1495.7518336074427,-75.15410458459519,1332.48828125
2024-07-13,2024-07-14,1,2024-06-13,30,59231.953125,60787.79296875,57142.55760939326,58939.564215308055,61174.14446289651,1848.2287534419447,57266.32986175362,59072.893529883586,61389.2860429734,1714.8994388664141,-133.3293145755306,1555.83984375
2024-07-14,2024-07-15,1,2024-06-13,31,60787.79296875,64870.15234375,58495.75999274966,60533.89478967874,63005.915577930864,4336.257554071257,58622.96814357396,60684.922086121514,63678.72129563475,4185.230257628486,-151.02729644277133,4082.359375
2024-07-15,2024-07-16,1,2024-06-13,32,64870.15234375,65097.1484375,61683.169228785206,65293.98944636062,68378.11426870711,196.84100886061788,61787.574146358296,65339.723146273755,68429.33075408498,242.57470877375454,45.73369991313666,226.99609375
2024-07-16,2024-07-17,1,2024-06-13,33,65097.1484375,64118.79296875,61308.20715985261,65568.96767437458,67608.53048872203,1450.1747056245804,61640.96776489867,65741.28257823642,67703.14266201109,1622.4896094864234,172.31490386184305,978.35546875
2024-07-17,2024-07-18,1,2024-06-13,34,64118.79296875,63974.06640625,62082.37391339382,63744.002677555894,66025.95185270533,230.06372869410552,61947.40400584275,64016.789717177395,66262.32117092423,42.72331092739478,-187.34041776671074,144.7265625
2024-07-18,2024-07-19,1,2024-06-13,35,63974.06640625,66710.15625,60459.770652314415,62493.67134564137,65986.82317449292,4216.484904358629,60527.789648824604,63670.05527637177,66061.5990754664,3040.1009736282285,-1176.3839307304006,2736.08984375
2024-07-19,2024-07-20,1,2024-06-13,36,66710.15625,67163.6484375,63201.76888969727,66264.60717092268,68872.53631548956,899.0412665773183,63337.652750266716,66477.53456407227,69247.92472505942,686.1138734277338,-212.92739314958453,453.4921875
2024-07-20,2024-07-21,1,2024-06-13,37,67163.6484375,68154.5234375,63342.83585475013,66915.73021411384,69606.57709983643,1238.7932233861648,63380.17831446603,67050.03176198574,69786.85214764159,1104.4916755142622,-134.30154787190259,990.875
2024-07-21,2024-07-22,1,2024-06-13,38,68154.5234375,67585.25,65927.77560256887,67746.1905989428,71927.63634824101,160.94059894280508,65853.60971387802,67980.57463135757,72342.73295985349,395.3246313575655,234.38403241476044,569.2734375
2024-07-22,2024-07-23,1,2024-06-13,39,67585.25,65927.671875,64165.19919678569,67157.16456784308,69370.65875384212,1229.4926928430796,64251.61632242799,67462.02140250802,69618.01025247574,1534.3495275080204,304.85683466494083,1657.578125
2024-07-23,2024-07-24,1,2024-06-13,40,65927.671875,65372.1328125,62521.71465544123,65962.22873750143,68100.21160023473,590.0959250014275,62507.465942292474,65841.73555182014,68193.61022519879,469.6027393201366,-120.49318568129092,555.5390625
2024-07-24,2024-07-25,1,2024-06-13,41,65372.1328125,65777.2265625,61893.754347007256,65381.25058214553,67027.23399916291,395.975980354473,61940.02507971693,65387.53950531129,66960.40931992326,389.68705718871206,-6.288923165760934,405.09375
2024-07-25,2024-07-26,1,2024-06-13,42,65777.2265625,67912.0625,63261.226130076684,65573.6283388501,67912.82412090339,2338.4341611498967,63167.63681375189,65610.16859389376,67798.92987100873,2301.893906106241,-36.540255043655634,2134.8359375
2024-07-26,2024-07-27,1,2024-06-13,43,67912.0625,67813.3359375,64348.47582730651,67767.49671506137,70378.55378455669,45.83922243863344,64389.2864966169,67770.39094522968,70601.07353394479,42.944992270320654,-2.894230168312788,98.7265625
2024-07-27,2024-07-28,1,2024-06-13,44,67813.3359375,68255.8671875,64055.582902607974,67730.38218084304,70227.49518510047,525.4850066569634,64200.67821044382,67720.12361073168,70128.40984715335,535.74357676832,10.258570111356676,442.53125
2024-07-28,2024-07-29,1,2024-06-13,45,68255.8671875,66819.9140625,65997.81788172666,68277.17729236651,71344.22945665754,1457.2632298665121,66008.04982402129,68244.09740258614,71358.84302990697,1424.183340086136,-33.07988978037611,1435.953125
2024-07-29,2024-07-30,1,2024-06-13,46,66819.9140625,66201.015625,62985.487307578325,66372.14236555668,69601.66093024425,171.12674055667594,63178.22186385468,66335.33353828965,69626.60108133126,134.31791328964755,-36.80882726702839,618.8984375
2024-07-30,2024-07-31,1,2024-06-13,47,66201.015625,64619.25,62508.10243175831,66284.30542932823,68390.26532453485,1665.055429328233,62562.20844828989,66389.68431479298,68245.56961083785,1770.4343147929758,105.37888546474278,1581.765625
2024-07-31,2024-08-01,1,2024-06-13,48,64619.25,65357.5,60821.88859730959,64328.01455488801,66226.47956621647,1029.48544511199,61126.43519774079,64279.88871990144,66546.55584785342,1077.6112800985575,48.1258349865675,738.25
2024-08-01,2024-08-02,1,2024-06-13,49,65357.5,61415.06640625,61730.32816231251,65150.23014396429,67311.21882230043,3735.1637377142906,61840.04413843155,65076.252499222755,67311.21882230043,3661.1860929727554,-73.97764474153519,3942.43359375
2024-08-02,2024-08-03,1,2024-06-13,50,61415.06640625,60680.09375,57775.31240220857,61122.179942657705,62873.67833329644,442.0861926577054,57737.494503753725,61075.33860797295,63102.24764696602,395.24485797295347,-46.84133468475193,734.97265625
2024-08-03,2024-08-04,1,2024-06-13,51,60680.09375,58116.9765625,57457.34844258614,60894.0066819638,63290.07456995547,2777.0301194638014,57637.52372019179,60953.11991339922,63587.86145180836,2836.1433508992195,59.11323143541813,2563.1171875
2024-08-04,2024-08-05,1,2024-06-13,52,58116.9765625,53991.45703125,55040.07958835969,57594.107173663564,59516.449426844716,3602.650142413564,54446.04492594628,57666.017216215376,59823.030977305025,3674.560184965376,71.91004255181178,4125.51953125
2024-08-05,2024-08-06,1,2024-06-13,53,53991.45703125,56034.31640625,50522.17164218612,53588.89004192292,57242.719762028195,2445.4263643270824,50368.7531768668,53677.33422798989,57420.75379257789,2356.9821782601066,-88.44418606697582,2042.859375
2024-08-06,2024-08-07,1,2024-06-13,54,56034.31640625,55027.4609375,52764.78603093303,56826.12116859527,59158.01648664521,1798.660231095273,53085.513818557374,56650.802847796585,59107.283321726136,1623.3419102965854,-175.31832079868764,1006.85546875
2024-08-07,2024-08-08,1,2024-06-13,55,55027.4609375,61710.13671875,51556.38047558023,54543.7522663665,57783.383850920945,7166.3844523835,51989.87399618141,54953.26321474742,57652.5161496643,6756.873504002579,-409.51094838092104,6682.67578125
2024-08-08,2024-08-09,1,2024-06-13,56,61710.13671875,60880.11328125,59039.30695208954,60699.2319813231,64201.46979943616,180.88129992689937,59561.26713077538,60479.45520911715,63967.11627791636,400.65807213285007,219.7767722059507,830.0234375
2024-08-09,2024-08-10,1,2024-06-13,57,60880.11328125,60945.8125,57354.34481127374,60265.45957540604,63886.188477700576,680.3529245939571,57792.27899960079,60040.706459257286,63779.699546262156,905.106040742714,224.75311614875682,65.69921875
2024-08-10,2024-08-11,1,2024-06-13,58,60945.8125,58719.484375,58400.20512806997,59041.82255332172,63568.595595635474,322.33817832171917,58487.50868974626,59086.68582410365,63501.74024053663,367.20144910365343,44.86327078193426,2226.328125
2024-08-11,2024-08-12,1,2024-06-13,59,58719.484375,59354.515625,55142.88137466833,58389.79920734931,62442.6024499964,964.7164176506922,55681.71329394914,57699.03428460006,62123.49064340256,1655.4813403999433,690.7649227492511,635.03125
2024-08-12,2024-08-13,1,2024-06-13,60,59354.515625,60609.56640625,55619.78597568069,59304.2858721707,63014.57990360074,1305.2805340792984,56127.83243680559,59276.14617263526,62853.68761601299,1333.4202336147428,28.13969953544438,1255.05078125
2024-08-13,2024-08-14,1,2024-06-13,61,60609.56640625,58737.26953125,57981.99110576371,60718.24099067645,64022.06829594821,1980.9714594264515,58121.994258641265,60409.872070655925,63794.69774230709,1672.6025394059252,-308.3689200205263,1872.296875
2024-08-14,2024-08-15,1,2024-06-13,62,58737.26953125,57560.09765625,55294.225236990955,59066.26682689134,62212.36911047576,1506.1691706413403,55635.57411032589,58861.91963674966,62171.33722539386,1301.8219804996625,-204.34719014167786,1177.171875
2024-08-15,2024-08-16,1,2024-06-13,63,57560.09765625,58894.10546875,54177.47592905187,57883.338542031124,61626.196001654025,1010.7669267188758,54633.27796521946,57835.02532396233,61298.6871395004,1059.080144787673,48.31321806879714,1334.0078125
2024-08-16,2024-08-17,1,2024-06-13,64,58894.10546875,59478.97265625,55515.883798564086,58727.09647501819,62107.78592985589,751.8761812318116,56450.04735531402,58732.17947953567,62037.536560792476,746.7931767143309,-5.083004517480731,584.8671875
2024-08-17,2024-08-18,1,2024-06-13,65,59478.97265625,58483.96484375,56717.148189575644,59348.1362000776,64017.843715333845,864.1713563275989,57118.251178734004,59289.84918812988,63786.3264701399,805.8843443798833,-58.287011947715655,995.0078125
2024-08-18,2024-08-19,1,2024-06-13,66,58483.96484375,59493.453125,54889.591591242934,58568.707460484,62520.376640073955,924.7456645159982,55345.76203831937,58550.69921868853,62308.83731659036,942.7539063114673,18.008241795469075,1009.48828125
2024-08-19,2024-08-20,1,2024-06-13,67,59493.453125,59012.79296875,55736.13727192301,59343.474957795814,63548.189860895276,330.6819890458137,56294.851511965506,59345.09551916178,63191.21246135607,332.30255041178316,1.620561365969479,480.66015625
2024-08-20,2024-08-21,1,2024-06-13,68,59012.79296875,61175.19140625,55396.15062584635,58864.223483239766,63432.52939264057,2310.967923010234,55768.43962901621,58872.904516675044,63209.37618226744,2302.286889574956,-8.68103343527764,2162.3984375
2024-08-21,2024-08-22,1,2024-06-13,69,61175.19140625,60381.9140625,57493.62411694578,61049.08688333072,65070.2255323939,667.1728208307177,57907.49300616933,61066.19179649907,65027.760425005574,684.2777339990716,17.10491316835396,793.27734375
2024-08-22,2024-08-23,1,2024-06-13,70,60381.9140625,64094.35546875,56527.40788551746,60303.27498303261,62928.308639377356,3791.0804857173935,56859.376371188555,60276.706851013005,62838.05904868059,3817.648617736995,26.568132019601762,3712.44140625
2024-08-23,2024-08-24,1,2024-06-13,71,64094.35546875,64178.9921875,61694.334126451286,63933.8866932923,66373.20768069942,245.10549420770258,61602.52798553556,63931.41112509649,66399.91936715785,247.58106240350753,2.4755681958049536,84.63671875
2024-08-24,2024-08-25,1,2024-06-13,72,64178.9921875,64333.54296875,60597.40908256918,64072.87653378956,66580.14384246804,260.6664349604398,60613.98821894918,63983.52363402862,66342.63451631181,350.019334721379,89.35289976093918,154.55078125
2024-08-25,2024-08-26,1,2024-06-13,73,64333.54296875,62880.66015625,62130.919199095806,64273.758063529385,68573.10606288025,1393.0979072793853,61975.36187435174,64226.43170215213,68558.93346268171,1345.7715459021274,-47.326361377257854,1452.8828125
2024-08-26,2024-08-27,1,2024-06-13,74,62880.66015625,59504.1328125,59083.458530778764,62133.90149429371,65630.22282854002,2629.7686817937065,59465.643739385065,62025.0189443999,65722.025836254,2520.886131899897,-108.88254989380948,3376.52734375
2024-08-27,2024-08-28,1,2024-06-13,75,59504.1328125,59027.625,55903.2587513756,59411.81162064616,62170.61568513885,384.18662064615637,56257.39546614373,59390.97107806709,62475.29335187003,363.34607806708664,-20.840542579069734,476.5078125
2024-08-28,2024-08-29,1,2024-06-13,76,59027.625,59388.1796875,54967.17339223623,59174.655618712306,61816.22481353581,213.52406878769398,55874.62568320334,59133.07610562444,61742.44563013315,255.10358187556267,41.57951308786869,360.5546875
2024-08-29,2024-08-30,1,2024-06-13,77,59388.1796875,59119.4765625,56047.17121864017,58990.82524356479,61800.504488358274,128.65131893521175,56260.91564763663,58915.20779341785,61631.832477333955,204.26876908214763,75.61745014693588,268.703125
2024-08-30,2024-08-31,1,2024-06-13,78,59119.4765625,58969.8984375,55653.24940813193,59079.68586484529,61812.78386248648,109.78742734529078,55967.62481472641,59113.36630127672,61910.99908787012,143.46786377672106,33.68043643143028,149.578125
2024-08-31,2024-09-01,1,2024-06-13,79,58969.8984375,57325.48828125,55434.88184203813,59047.83035350777,61513.43421033025,1722.342072257772,55703.028510823846,59094.3392436672,61794.701925591566,1768.8509624172002,46.50889015942812,1644.41015625
2024-09-01,2024-09-02,1,2024-06-13,80,57325.48828125,59112.48046875,53840.545290126465,57466.59798711771,60039.7504554363,1645.8824816322885,54172.93795289006,57329.404008958954,60300.96981263487,1783.0764597910456,137.1939781587571,1786.9921875
2024-09-02,2024-09-03,1,2024-06-13,81,59112.48046875,57431.0234375,55494.93273411761,59084.885369120166,61426.43809276633,1653.8619316201657,55829.95669267257,59123.839840712026,61379.57716004457,1692.8164032120258,38.954471591860056,1681.45703125
2024-09-03,2024-09-04,1,2024-06-13,82,57431.0234375,57971.5390625,54692.60495446483,57760.81026255898,59961.611865419894,210.72879994101822,55168.64268583292,57520.58003825974,59975.660496622324,450.9590242402628,240.23022429924458,540.515625
2024-09-04,2024-09-05,1,2024-06-13,83,57971.5390625,56160.48828125,55830.745447881985,58140.61737378873,60220.16450210754,1980.1290925387293,56031.89998666383,58156.67103671376,60168.66562302131,1996.1827554637566,16.05366292502731,1811.05078125
2024-09-05,2024-09-06,1,2024-06-13,84,56160.48828125,53948.75390625,53986.33512385655,56496.46942429477,59578.77254826948,2547.7155180447735,53075.5775124568,56274.79618274141,59752.075484781526,2326.042276491411,-221.67324155336246,2211.734375
2024-09-06,2024-09-07,1,2024-06-13,85,53948.75390625,54139.6875,50853.30513421912,54220.966996501666,56458.8355255248,81.27949650166556,51216.69002672355,54113.57894204417,56761.23020276707,26.108557955827564,-55.170938545838,190.93359375
2024-09-07,2024-09-08,1,2024-06-13,86,54139.6875,54841.56640625,50685.91549890116,54162.3602392897,55925.038253478706,679.206166960299,50893.68117587641,54143.18554289639,55911.9560893625,698.38086335361,19.174696393311024,701.87890625
2024-09-08,2024-09-09,1,2024-06-13,87,54841.56640625,57019.53515625,52778.46873432165,55089.878447442316,56775.78789293207,1929.6567088076845,52749.92546719918,54793.95615823823,56606.92759826733,2225.5789980117697,295.92228920408525,2177.96875
2024-09-09,2024-09-10,1,2024-06-13,88,57019.53515625,57648.7109375,53396.86158795236,56824.45044508553,58416.439704651944,824.2604924144689,53882.138248085976,56873.02025410021,58527.88075409504,775.6906833997928,-48.56980901467614,629.17578125
2024-09-10,2024-09-11,2,2024-09-09,1,57648.7109375,57343.171875,54252.27762102848,57585.84348587319,60601.5363138495,242.67161087319255,54119.453979651444,57549.52014573617,60601.5363138495,206.34827073616907,-36.32334013702348,305.5390625
2024-09-11,2024-09-12,2,2024-09-09,2,57343.171875,58127.01171875,55456.6991186142,57312.76264618803,60461.01844998635,814.2490725619718,55438.8575793989,57276.6181486398,60458.851489093155,850.3935701102018,36.14449754822999,783.83984375
2024-09-12,2024-09-13,2,2024-09-09,3,58127.01171875,60571.30078125,55044.8438242625,57985.401492716046,61154.25467713503,2585.899288533954,54842.80334934825,57895.7989760011,61021.97472631233,2675.501805248903,89.60251671494916,2444.2890625
2024-09-13,2024-09-14,2,2024-09-09,4,60571.30078125,60005.12109375,57329.94211884099,60363.81506634364,63138.19548280584,358.69397259363905,57283.78403871087,60365.663555747364,63156.40599169722,360.5424619973637,1.8484894037246704,566.1796875
2024-09-14,2024-09-15,2,2024-09-09,5,60005.12109375,59182.8359375,56573.19210320036,59946.4329280837,61714.96426563291,763.5969905836973,56592.68090902129,59834.18899468705,61776.88208658574,651.3530571870506,-112.24393339664675,822.28515625
2024-09-15,2024-09-16,2,2024-09-09,6,59182.8359375,58192.5078125,57123.04789429298,59010.5034668413,61054.057624105364,817.9956543412991,57095.37056506472,59015.9641481624,61103.67645063158,823.4563356623985,5.4606813210994005,990.328125
2024-09-16,2024-09-17,2,2024-09-09,7,58192.5078125,60308.5390625,55077.5890288353,58154.40932787582,60183.97914752737,2154.129734624177,54853.41704583634,58004.99139992241,60283.408422858454,2303.547662577592,149.41792795341462,2116.03125
2024-09-17,2024-09-18,2,2024-09-09,8,60308.5390625,61649.6796875,57286.67693284573,60106.78466752637,62979.83828261122,1542.8950199736282,57250.7302423683,60093.39093065448,62940.713904695585,1556.288756845519,13.393736871890724,1341.140625
2024-09-18,2024-09-19,2,2024-09-09,9,61649.6796875,62940.45703125,58281.77352402313,61586.25964082917,64347.02514544781,1354.197390420828,58718.985644828994,61368.70451810211,64358.217999156564,1571.7525131478906,217.55512272706255,1290.77734375
2024-09-19,2024-09-20,2,2024-09-09,10,62940.45703125,63192.9765625,60518.681834911695,62827.23919744813,66712.28896229714,365.73736505187117,60878.70246643131,62749.00450756098,66763.98523287568,443.97205493901856,78.2346898871474,252.51953125
2024-09-20,2024-09-21,2,2024-09-09,11,63192.9765625,63394.83984375,59761.71782135265,63081.51171902334,66070.12022513617,313.3281247266568,60310.476801887155,62928.968391345814,66762.13411027472,465.87145240418613,152.5433276775293,201.86328125
2024-09-21,2024-09-22,2,2024-09-09,12,63394.83984375,63648.7109375,59923.64957687957,63296.46707078861,66114.06068387255,352.2438667113893,60545.07877978566,63007.9500131153,66869.37797406223,640.7609243846964,288.51705767330714,253.87109375
2024-09-22,2024-09-23,2,2024-09-09,13,63648.7109375,63329.80078125,61003.899573525414,63315.952765122056,66399.95241101366,13.848016127943993,60755.56770961266,63138.56419087853,67205.86818165611,191.23659037146717,177.38857424352318,318.91015625
2024-09-23,2024-09-24,2,2024-09-09,14,63329.80078125,64301.96875,61988.44704426429,63107.70202431874,65786.91407953156,1194.2667256812565,61772.47848178656,62793.77869209414,66008.73350494215,1508.1900579058565,313.9233322246,972.16796875
2024-09-24,2024-09-25,2,2024-09-09,15,64301.96875,63143.14453125,62721.33425568044,64484.05247183889,67058.58935974911,1340.9079405888915,62514.21919622831,64133.22281026095,67183.69622276723,990.0782790109515,-350.82966157794,1158.82421875
2024-09-25,2024-09-26,2,2024-09-09,16,63143.14453125,65181.01953125,60974.60419722833,63006.64915426285,66039.17093799217,2174.37037698715,60709.67512736097,62732.64222161961,65822.43131878087,2448.377309630392,274.0069326432422,2037.875
2024-09-26,2024-09-27,2,2024-09-09,17,65181.01953125,65790.6640625,62401.504623397486,65088.13864839473,68646.90190182859,702.5254141052719,62234.12711073714,64971.58590293699,68604.3057584553,819.0781595630106,116.55274545773864,609.64453125
2024-09-27,2024-09-28,2,2024-09-09,18,65790.6640625,65887.6484375,64075.61917608604,65527.026380007155,68182.77506499086,360.62205749284476,64058.61193781486,65469.60489280289,68159.67000437435,418.0435446971096,57.42148720426485,96.984375
2024-09-28,2024-09-29,2,2024-09-09,19,65887.6484375,65635.3046875,64398.52506791474,65882.04038179107,69474.80906859599,246.7356942910701,64136.19922954682,65580.65058674477,69324.02777245548,54.65410075522959,-192.0815935358405,252.34375
2024-09-29,2024-09-30,2,2024-09-09,20,65635.3046875,63329.5,64101.922215528786,65595.39665132063,68423.97700878046,2265.896651320625,63851.535573870875,65752.5210956959,68681.92196098622,2423.0210956959054,157.1244443752803,2305.8046875
2024-09-30,2024-10-01,2,2024-09-09,21,63329.5,60837.0078125,60963.91298276186,63845.656901717186,65954.2374920845,3008.649089217186,60935.37978091836,63563.29937237501,66570.75697755814,2726.2915598750114,-282.35752934217453,2492.4921875
2024-10-01,2024-10-02,2,2024-09-09,22,60837.0078125,60632.78515625,58681.983279886656,61298.684300462715,63446.04311341699,665.8991442127153,58400.14660577988,61016.90201887954,63673.12827327009,384.11686262954026,-281.78228158317506,204.22265625
2024-10-02,2024-10-03,2,2024-09-09,23,60632.78515625,60759.40234375,58331.45779673057,60848.6852546474,62171.84855939215,89.2829108973965,57771.83780281292,60855.21935873013,62285.45089774206,95.8170149801299,6.534104082733393,126.6171875
2024-10-03,2024-10-04,2,2024-09-09,24,60759.40234375,62067.4765625,58663.17019517324,60904.99559909245,62456.87730198819,1162.48096340755,58496.37642948865,60876.70410835231,62528.72870704252,1190.7724541476928,28.291490740142763,1308.07421875
2024-10-04,2024-10-05,2,2024-09-09,25,62067.4765625,62089.94921875,60106.89169883076,62460.727065064944,65464.914073361084,370.7778463149443,60405.793600604404,62410.49511974305,66047.71266478393,320.54590099304914,-50.23194532189518,22.47265625
2024-10-05,2024-10-06,2,2024-09-09,26,62089.94921875,62818.953125,59977.186126846354,62039.33640280273,64643.72772635799,779.6167221972719,59893.12873516674,61885.74745321018,65053.737426063046,933.2056717898231,153.58894959255122,729.00390625
2024-10-06,2024-10-07,2,2024-09-09,27,62818.953125,62236.66015625,60453.20615737699,62972.69413991645,66154.72876413725,736.0339836664498,60397.23259595502,62863.24072179571,66212.4958459232,626.5805655457079,-109.45341812074184,582.29296875
2024-10-07,2024-10-08,2,2024-09-09,28,62236.66015625,62131.96875,59878.82735836785,62155.264244249556,64937.29653757764,23.295494249556214,59850.88669620454,62038.55299717281,65141.57646110514,93.41575282718986,70.12025857763365,104.69140625
2024-10-08,2024-10-09,2,2024-09-09,29,62131.96875,60582.1015625,59609.77363485284,62014.739081455395,64311.17033453286,1432.6375189553946,59191.79459393397,61831.82302431576,64446.06129795313,1249.7214618157595,-182.9160571396351,1549.8671875
2024-10-09,2024-10-10,2,2024-09-09,30,60582.1015625,60274.5,57130.703110560775,60454.66304538585,62729.64206825849,180.16304538585246,57991.205590027384,60419.1563317175,63118.074610646814,144.65633171750233,-35.50671366835013,307.6015625
2024-10-10,2024-10-11,2,2024-09-09,31,60274.5,62445.08984375,58806.500525683165,60502.00034558773,62456.145108640194,1943.0894981622696,58706.973615288734,60332.851661503315,62560.417896687984,2112.238182246685,169.14868408441544,2170.58984375
2024-10-11,2024-10-12,2,2024-09-09,32,62445.08984375,63193.0234375,61082.16151291225,62354.99841262889,65028.8026609919,838.025024871109,60879.17385007185,62288.791167151416,65047.859390070196,904.2322703485843,66.20724547747523,747.93359375
2024-10-12,2024-10-13,2,2024-09-09,33,63193.0234375,62851.375,61025.01499233581,63090.57574626943,66272.9251892902,239.20074626943097,60988.938519428484,63248.66361893527,66456.77282372396,397.2886189352721,158.08787266584113,341.6484375
2024-10-13,2024-10-14,2,2024-09-09,34,62851.375,66046.125,61277.53344575316,62797.53038043529,65896.98822018504,3248.594619564712,61207.621229074895,62656.74691120535,65977.42735406756,3389.3780887946486,140.7834692299366,3194.75
2024-10-14,2024-10-15,2,2024-09-09,35,66046.125,67041.109375,63579.38103365153,65767.96483645588,69884.40379048884,1273.1445385441184,63846.23118502647,65945.7009100467,69830.81015816331,1095.4084649533033,-177.73607359081507,994.984375
2024-10-15,2024-10-16,2,2024-09-09,36,67041.109375,67612.71875,64563.92092805635,67207.97273571976,70716.50686041825,404.7460142802447,64600.40405663941,67087.58240735717,70672.24759073742,525.1363426428288,120.39032836258411,571.609375
2024-10-16,2024-10-17,2,2024-09-09,37,67612.71875,67399.8359375,65989.39764661714,67756.2040122971,71438.45238695666,356.36807479709387,65722.73848372325,67577.49626959115,71366.53243439645,177.66033209115267,-178.7077427059412,212.8828125
2024-10-17,2024-10-18,2,2024-09-09,38,67399.8359375,68418.7890625,64755.712990174536,67164.05002577044,70700.30037771445,1254.7390367295593,64690.037462249864,67022.4949179925,70811.93431275059,1396.2941445074975,141.55510777793825,1018.953125
2024-10-18,2024-10-19,2,2024-09-09,39,68418.7890625,68362.734375,65623.00993644865,68196.53791039484,71773.13024566043,166.19646460516378,65301.33933009347,68172.02458583284,71715.79247435089,190.7097891671583,24.513324561994523,56.0546875
2024-10-19,2024-10-20,2,2024-09-09,40,68362.734375,69001.703125,66076.53419211041,68367.29807987809,71624.74837976508,634.4050451219082,65898.79011131823,68198.21688888129,71763.31386912614,803.4862361187115,169.08119099680334,638.96875
2024-10-20,2024-10-21,2,2024-09-09,41,69001.703125,67367.8515625,64817.36737233773,68980.1478248788,72152.23993882164,1612.2962623788044,65589.121970037,68683.62569688074,72137.44200525247,1315.774134380743,-296.5221279980615,1633.8515625
2024-10-21,2024-10-22,2,2024-09-09,42,67367.8515625,67361.40625,64622.36085532699,67538.10608543456,70162.8766987985,176.699835434556,64478.7246633484,67084.10874754423,70827.48771551996,277.29750245576724,100.59766702121124,6.4453125
2024-10-22,2024-10-23,2,2024-09-09,43,67361.40625,66432.1953125,64686.88329119235,67436.47167511284,69855.9986375086,1004.2763626128435,64133.319946564734,67172.31734351255,70050.56006081402,740.12203101255,-264.1543316002935,929.2109375
2024-10-23,2024-10-24,2,2024-09-09,44,66432.1953125,68161.0546875,64222.99391687382,66491.85958093219,68134.64639319293,1669.195106567815,63837.060973748565,66361.97853043815,68327.99695249368,1799.0761570618488,129.88105049403384,1728.859375
2024-10-24,2024-10-25,2,2024-09-09,45,68161.0546875,66642.4140625,65543.8858949393,68151.41386373201,72003.74159620609,1508.9998012320139,65045.25663934881,67937.52002060646,72015.36096239928,1295.105958106462,-213.89384312555194,1518.640625
2024-10-25,2024-10-26,2,2024-09-09,46,66642.4140625,67014.6953125,63967.21457378706,67125.87815453857,69049.97086144146,111.18284203857183,63763.22634762572,66516.84495774843,69073.04932843521,497.850354751572,386.6675127130002,372.28125
2024-10-26,2024-10-27,2,2024-09-09,47,67014.6953125,67929.296875,63983.247087155,67168.12771012448,70325.24334830046,761.1691648755223,63732.227818074636,66741.33543631993,70059.41688620765,1187.9614386800677,426.7922738045454,914.6015625
2024-10-27,2024-10-28,2,2024-09-09,48,67929.296875,69907.7578125,65753.08109091129,67800.94669396058,70245.28479157016,2106.8111185394228,65572.96165388543,67714.1220478341,70362.05511400476,2193.6357646659017,86.82464612647891,1978.4609375
2024-10-28,2024-10-29,2,2024-09-09,49,69907.7578125,72720.4921875,68505.14965149527,69848.95554886758,73943.83818410989,2871.5366386324167,68505.14965149527,70371.99235018529,73965.16400506161,2348.49983731471,-523.0368013177067,2812.734375
2024-10-29,2024-10-30,2,2024-09-09,50,72720.4921875,72339.5390625,70776.98977756407,73244.09726335108,76948.45580270793,904.5582008510828,70509.64344086358,72858.71005719155,76878.05519308895,519.1709946915507,-385.38720615953207,380.953125
2024-10-30,2024-10-31,2,2024-09-09,51,72339.5390625,70215.1875,70769.57094340771,72248.60377986263,76147.00667653978,2033.4162798626348,70022.74607074354,72177.05422651581,76168.96222225763,1961.8667265158147,-71.54955334682018,2124.3515625
2024-10-31,2024-11-01,2,2024-09-09,52,70215.1875,69482.46875,67999.41773168743,69861.66776894778,73807.1438325718,379.19901894778013,67478.30780162662,69811.358065065,73947.94069290161,328.8893150649965,-50.30970388278365,732.71875
2024-11-01,2024-11-02,2,2024-09-09,53,69482.46875,69289.2734375,66737.33984295651,69021.87428891473,72582.19927505404,267.3991485852748,66413.64193279669,69020.55729895271,72545.30699020624,268.7161385472864,1.3169899620115757,193.1953125
2024-11-02,2024-11-03,2,2024-09-09,54,69289.2734375,68741.1171875,67306.76339426776,68880.17173916707,71085.67497924343,139.05455166706815,66733.07442918979,69073.82155223563,71376.87037730776,332.70436473563313,193.64981306856498,548.15625
2024-11-03,2024-11-04,2,2024-09-09,55,68741.1171875,67811.5078125,66329.81702797813,68185.8606587043,71392.29318254441,374.3528462043032,66355.16286312276,68800.21649660543,71688.06014920305,988.7086841054261,614.3558379011229,929.609375
2024-11-04,2024-11-05,2,2024-09-09,56,67811.5078125,69359.5625,65396.265752113424,67968.95523854066,71036.59728448,1390.6072614593431,65129.4692819668,67918.75507857185,70657.8649664931,1440.8074214281514,50.20015996880829,1548.0546875
2024-11-05,2024-11-06,2,2024-09-09,57,69359.5625,75639.078125,66561.18802715838,69156.19115650281,72598.76987792552,6482.886968497187,66799.25317494944,69259.86742248014,73487.99291810393,6379.210702519864,-103.67626597732306,6279.515625
2024-11-06,2024-11-07,2,2024-09-09,58,75639.078125,75904.859375,71155.3394870786,74271.42019268218,78205.73323491588,1633.4391823178157,71859.49024826288,75175.66906337533,78289.95991814695,729.1903116246685,-904.2488706931472,265.78125
2024-11-07,2024-11-08,2,2024-09-09,59,75904.859375,76545.4765625,71508.31577829085,76175.17618667707,77945.71782347374,370.3003758229315,71319.65321139432,76014.07554681972,78079.22939059883,531.4010156802833,161.10063985735178,640.6171875
2024-11-08,2024-11-09,2,2024-09-09,60,76545.4765625,76778.8671875,73501.25785110751,76504.82499097753,79126.2719210023,274.04219652246684,73530.94581697695,76367.2712053624,79046.75726460572,411.5959821376018,137.55378561513498,233.390625
2024-11-09,2024-11-10,2,2024-09-09,61,76778.8671875,80474.1875,72618.8992116903,76476.28170969663,79280.4888154054,3997.905790303368,72386.18128314847,76220.09611936053,79210.94618891831,4254.091380639467,256.18559033609927,3695.3203125
2024-11-10,2024-11-11,2,2024-09-09,62,80474.1875,88701.484375,76755.15464707464,80383.51670179889,83321.23041764647,8317.967673201114,75759.8719965145,80225.17017531022,83209.02752331644,8476.314199689776,158.34652648866177,8227.296875
2024-11-11,2024-11-12,2,2024-09-09,63,88701.484375,87955.8125,84735.59515616857,87833.4031974664,92322.92421039194,122.4093025336042,83722.44342403486,87881.47278755438,92317.19308020547,74.33971244562417,-48.06959008798003,745.671875
2024-11-12,2024-11-13,2,2024-09-09,64,87955.8125,90584.1640625,84649.10552715883,89387.74845427275,92625.73051196337,1196.415608227253,84177.01165201142,89160.7764139548,92548.66466005147,1423.3876485452056,226.97204031795263,2628.3515625
2024-11-13,2024-11-14,2,2024-09-09,65,90584.1640625,87250.4296875,87669.14304491738,89910.90081537142,94539.29947982356,2660.471127871424,87293.57212467724,90417.45182408346,94649.09836185351,3167.0221365834586,506.5510087120347,3333.734375
2024-11-14,2024-11-15,2,2024-09-09,66,87250.4296875,91066.0078125,81565.96341955243,87637.86923716776,91525.44287906494,3428.1385753322393,81626.82523230091,87266.7905576108,91525.44287906494,3799.2172548891976,371.0786795569584,3815.578125
2024-11-15,2024-11-16,2,2024-09-09,67,91066.0078125,90558.4765625,88001.38869184675,91483.08117606025,97117.25716695841,924.6046135602519,87566.31622271938,91812.01537309494,96967.7386621479,1253.5388105949387,328.9341970346868,507.53125
2024-11-16,2024-11-17,2,2024-09-09,68,90558.4765625,89845.8515625,86611.74962974619,92032.90309076663,94288.15094854217,2187.051528266631,85697.4160466087,92372.30003775097,94264.85445019323,2526.4484752509743,339.39694698434323,712.625
2024-11-17,2024-11-18,2,2024-09-09,69,89845.8515625,90542.640625,86397.27083245246,91857.2331337966,94505.60861109383,1314.5925087966025,85953.91133521171,92504.31629324332,94350.46759605501,1961.6756682433188,647.0831594467163,696.7890625
2024-11-18,2024-11-19,2,2024-09-09,70,90542.640625,92343.7890625,85456.41916858219,91808.28923317045,95692.69498154335,535.4998293295503,85206.63004258368,91836.7733426448,95837.79232283309,507.0157198552042,-28.48410947434604,1801.1484375
2024-11-19,2024-11-20,2,2024-09-09,71,92343.7890625,94339.4921875,87699.81546674157,93744.21300284564,98362.30072814971,595.279184654355,87061.44777477952,93806.98197300546,98215.4618482897,532.5102144945413,-62.76897015981376,1995.703125
2024-11-20,2024-11-21,2,2024-09-09,72,94339.4921875,98504.7265625,88165.00496566994,96421.41207363922,100006.25537644606,2083.3144888607785,88334.40000726376,96250.3132412536,100035.10173539631,2254.413321246393,171.09883238561451,4165.234375
2024-11-21,2024-11-22,2,2024-09-09,73,98504.7265625,98997.6640625,93858.72995414538,100596.91958566196,105251.30633778404,1599.2555231619626,93052.08427060395,100201.2735199416,105011.65001287125,1203.6094574416056,-395.646065720357,492.9375
2024-11-22,2024-11-23,2,2024-09-09,74,98997.6640625,97777.28125,92858.06459040986,100534.4477355741,104444.25340371858,2757.1664855740964,91783.6908871578,101832.47645172942,104379.52249873616,4055.1952017294243,1298.0287161553279,1220.3828125
2024-11-23,2024-11-24,2,2024-09-09,75,97777.28125,98013.8203125,94531.13129326329,100616.6615065597,103356.97775710747,2602.8411940597,93735.32060842216,100148.63973536342,103387.44643715397,2134.819422863424,-468.02177119627595,236.5390625
2024-11-24,2024-11-25,2,2024-09-09,76,98013.8203125,93102.296875,92213.46549750399,100110.00497381017,103582.7586964136,7007.708098810166,91440.58766376553,100026.96566371713,103721.122494095,6924.668788717128,-83.03931009303778,4911.5234375
2024-11-25,2024-11-26,2,2024-09-09,77,93102.296875,91985.3203125,88235.89020702988,92464.60679335613,97690.46017021313,479.28648085612804,86822.96991622355,93189.27706296556,97968.31508991681,1203.956750465557,724.6702696094289,1116.9765625
2024-11-26,2024-11-27,2,2024-09-09,78,91985.3203125,95962.53125,86314.5150481523,93887.98889216222,96247.83129309118,2074.5423578377813,86741.22669740813,93421.22025429737,96275.59595094994,2541.3109957026318,466.76863786485046,3977.2109375
2024-11-27,2024-11-28,2,2024-09-09,79,95962.53125,95652.46875,91986.84395578317,96601.52583295852,99999.16314733028,949.0570829585195,92256.77335138433,96560.06863132864,100010.84300463274,907.5998813286424,-41.45720162987709,310.0625
2024-11-28,2024-11-29,2,2024-09-09,80,95652.46875,97461.5234375,89710.35299833305,96329.36502437666,99740.61984861642,1132.1584131233394,89761.67068246007,96430.79171036929,99740.61984861642,1030.731727130711,-101.42668599262834,1809.0546875
2024-11-29,2024-11-30,2,2024-09-09,81,97461.5234375,96449.0546875,91712.40742616355,98259.6322406549,104729.2118294863,1810.5775531549007,93234.29683687864,97874.35716537293,104047.37916255835,1425.3024778729305,-385.2750752819702,1012.46875
2024-11-30,2024-12-01,2,2024-09-09,82,96449.0546875,97279.7890625,88418.7179157571,96572.13674478885,100990.55839780439,707.6523177111521,90317.69987073122,96551.67097533774,101584.96252650302,728.1180871622637,20.465769451111555,830.734375
2024-12-01,2024-12-02,2,2024-09-09,83,97279.7890625,95865.3046875,92054.60904735094,97668.23060303181,102188.44419025816,1802.925915531814,92298.2663559285,97478.43975480087,102307.65779894777,1613.135067300871,-189.79084823094308,1414.484375
2024-12-02,2024-12-03,2,2024-09-09,84,95865.3046875,96002.1640625,89502.34629554395,96352.85893891845,100449.24946408533,350.694876418449,89505.00902766734,96381.17760931235,100478.23096050136,379.01354681234807,28.318670393899083,136.859375
2024-12-03,2024-12-04,2,2024-09-09,85,96002.1640625,98768.53125,89520.69090148155,96586.12345402874,100718.01438485458,2182.4077959712595,90186.2942842925,96308.71241552569,100651.52271267213,2459.8188344743103,277.4110385030508,2766.3671875
2024-12-04,2024-12-05,2,2024-09-09,86,98768.53125,96593.5703125,92559.39268814586,100683.13372458145,104440.634243723,4089.56341208145,92294.9693565499,100718.39723327011,104428.43624873087,4124.826920770109,35.263508688658476,2174.9609375
2024-12-05,2024-12-06,2,2024-09-09,87,96593.5703125,99920.7109375,90250.1541045364,98721.72202468105,101573.24818475638,1198.9889128189534,90380.84766216204,98729.4024302261,101632.95268663205,1191.308507273905,-7.680405545048416,3327.140625
2024-12-06,2024-12-07,2,2024-09-09,88,99920.7109375,99923.3359375,96893.76045610989,101204.73241960164,105394.48723778687,1281.3964821016416,96357.64274525363,100814.45287693292,105293.52555905469,891.116939432919,-390.27954266872257,2.625
2024-12-07,2024-12-08,3,2024-12-06,1,99923.3359375,101236.015625,96526.14706488093,101821.43200877868,105103.47556445841,585.4163837786764,95956.78137598373,99373.18992158491,104823.45320780296,1862.8257034150884,1277.409319636412,1312.6796875
2024-12-08,2024-12-09,3,2024-12-06,2,101236.015625,97432.71875,97621.2177319359,101211.2394595053,107709.17202817276,3778.5207095053047,97592.13319280185,101248.92867764458,107176.85255237855,3816.2099276445806,37.68921813927591,3803.296875
2024-12-09,2024-12-10,3,2024-12-06,3,97432.71875,96675.4296875,91739.34013932757,97539.92414022237,103119.92404919863,864.4944527223706,91769.7653310597,96640.87976021506,103169.67060242966,34.54992728494108,-829.9445254374295,757.2890625
2024-12-10,2024-12-11,3,2024-12-06,4,96675.4296875,101173.03125,90964.14448779542,96418.20617045043,102268.13818221912,4754.82507954957,91068.16561124753,96438.79488494713,102182.29136761744,4734.236365052871,-20.58871449669823,4497.6015625
2024-12-11,2024-12-12,3,2024-12-06,5,101173.03125,100043.0,96222.7625476867,100852.56465848163,106902.59423346072,809.5646584816277,96973.76227372885,100644.4501249697,106965.93737217039,601.4501249697059,-208.11453351192176,1130.03125
2024-12-12,2024-12-13,3,2024-12-06,6,100043.0,101459.2578125,94026.88965213299,99741.66436946392,104887.69745206833,1717.5934430360794,94059.7220814228,99633.56660735607,104832.68256056309,1825.6912051439285,108.09776210784912,1416.2578125
2024-12-13,2024-12-14,3,2024-12-06,7,101459.2578125,101372.96875,96936.14537419286,101074.85814430751,106438.58935231809,298.11060569249094,97789.39725236734,101297.2951935092,105918.32782921381,75.67355649080127,-222.43704920168966,86.2890625
2024-12-14,2024-12-15,3,2024-12-06,8,101372.96875,104298.6953125,97276.24719480984,101343.34939641878,107120.46473531052,2955.34591608122,97030.56728526019,100251.64479686879,107064.27134724334,4047.050515631214,1091.7045995499939,2925.7265625
2024-12-15,2024-12-16,3,2024-12-06,9,104298.6953125,106029.71875,99788.40830586804,104334.73966189753,110830.35664470214,1694.9790881024674,99779.56817740249,104158.30387710081,110811.68171790149,1871.4148728991859,176.4357847967185,1731.0234375
2024-12-16,2024-12-17,3,2024-12-06,10,106029.71875,106140.6015625,101475.138322616,105481.6854475066,112693.83808837831,658.9161149933934,101442.86909845285,105485.04129514284,112693.83808837831,655.5602673571557,-3.3558476362377405,110.8828125
2024-12-17,2024-12-18,3,2024-12-06,11,106140.6015625,100041.5390625,103632.12977064028,107331.3829357205,112597.90587346628,7289.843873220496,103632.12977064028,107331.3829357205,112597.90587346628,7289.843873220496,0.0,6099.0625
2024-12-18,2024-12-19,3,2024-12-06,12,100041.5390625,97490.953125,91852.77016072674,99895.9359838469,105820.22460278682,2404.9828588468954,94011.01469741855,99420.1768212039,106024.71768081654,1929.2236962039024,-475.75916264299303,2550.5859375
2024-12-19,2024-12-20,3,2024-12-06,13,97490.953125,97755.9296875,92191.55097834952,97644.86098339967,104074.39285643399,111.0687041003257,91994.3866788894,97641.56038445793,103330.7586173974,114.36930304206908,3.300598941743374,264.9765625
2024-12-20,2024-12-21,3,2024-12-06,14,97755.9296875,97224.7265625,93370.38256774051,98752.9492550306,102978.25609283056,1528.2226925306022,92525.70226684865,95978.16628007684,102874.44747265708,1246.560282423161,-281.66241010744125,531.203125
2024-12-21,2024-12-22,3,2024-12-06,15,97224.7265625,95104.9375,92269.02983713662,97058.90713656787,102630.62297131866,1953.9696365678683,92276.8589433236,96748.35065946914,102544.4738280354,1643.4131594691426,-310.55647709872574,2119.7890625
2024-12-22,2024-12-23,3,2024-12-06,16,95104.9375,94686.2421875,89718.47452117503,95197.42794419825,100736.80966675282,511.18575669825077,89682.11550492793,95238.73006337136,100641.1220780015,552.4878758713603,41.30211917310953,418.6953125
2024-12-23,2024-12-24,3,2024-12-06,17,94686.2421875,98676.09375,89458.10735793039,94750.59210904967,100385.44869325869,3925.5016409503296,89523.96980175469,94461.15855557192,100237.59399717394,4214.935194428079,289.43355347774923,3989.8515625
2024-12-24,2024-12-25,3,2024-12-06,18,98676.09375,99299.1953125,94657.53995499574,100638.07413490489,103979.34939790517,1338.8788224048913,94867.22321938723,98468.13966234215,104235.90276226401,831.055650157854,-507.8231722470373,623.1015625
2024-12-25,2024-12-26,3,2024-12-06,19,99299.1953125,95795.515625,93289.06415719492,99032.12611638987,101420.7272378793,3236.6104913898744,93922.62475884845,99015.99175855471,104191.0544813713,3220.476133554708,-16.134357835166156,3503.6796875
2024-12-26,2024-12-27,3,2024-12-06,20,95795.515625,94164.859375,91349.2608693745,95871.95919961855,101107.63603863679,1707.0998246185482,92578.89585031476,95200.41712802742,100381.43349947594,1035.5577530274168,-671.5420715911314,1630.65625
2024-12-27,2024-12-28,3,2024-12-06,21,94164.859375,95163.9296875,87242.99222445767,94681.63970745169,99416.65058854967,482.28998004831374,88934.70497728977,94491.88679697178,99370.42469613627,672.042890528217,189.75291047990322,999.0703125
2024-12-28,2024-12-29,3,2024-12-06,22,95163.9296875,93530.2265625,91016.14151500491,95160.27678282745,100626.25871522445,1630.0502203274518,90773.56935922615,94788.12861099327,100334.30995203182,1257.9020484932698,-372.148171834182,1633.703125
2024-12-29,2024-12-30,3,2024-12-06,23,93530.2265625,92643.2109375,87905.10003755568,93451.78862096462,98741.90653036628,808.577683464624,88276.99734244728,93194.61028984096,98679.9589535119,551.399352340959,-257.178331123665,887.015625
2024-12-30,2024-12-31,3,2024-12-06,24,92643.2109375,93429.203125,86469.2722929907,91948.77957766782,97756.7499468159,1480.423547332175,87712.25572335301,92766.04154205881,98078.52593084984,663.1615829411894,-817.2619643909857,785.9921875
2024-12-31,2025-01-01,3,2024-12-06,25,93429.203125,94419.7578125,87712.08556309808,92022.26999476459,96209.26668167487,2397.487817735411,88392.62253466062,93098.84991337173,96697.99697665684,1320.9078991282731,-1076.579918607138,990.5546875
2025-01-01,2025-01-02,3,2024-12-06,26,94419.7578125,96886.875,90359.8111487953,93486.95754348347,98727.21758854669,3399.9174565165304,90139.05286446773,93874.72245829646,98854.6097397739,3012.1525417035446,-387.7649148129858,2467.1171875
2025-01-02,2025-01-03,3,2024-12-06,27,96886.875,98107.4296875,92177.4896895513,96223.06090191007,101818.4614366293,1884.3687855899334,91589.13053635508,96675.79057127237,101744.39246959984,1431.6391162276268,-452.7296693623066,1220.5546875
2025-01-03,2025-01-04,3,2024-12-06,28,98107.4296875,98236.2265625,93309.74751246208,98745.30397159886,102964.03871720564,509.07740909885615,92814.56779099116,98128.66838315874,102959.72314523533,107.55817934125662,-401.51922975759953,128.796875
2025-01-04,2025-01-05,3,2024-12-06,29,98236.2265625,98314.9609375,94533.2890415769,97963.49675078224,103146.40542311873,351.4641867177561,94446.12651898619,98178.17091212468,103338.1793677574,136.79002537531778,-214.6741613424383,78.734375
2025-01-05,2025-01-06,3,2024-12-06,30,98314.9609375,102078.0859375,94745.44188524131,99272.25516431034,103268.68899994064,2805.830773189664,94477.3338694172,98540.91190956999,103028.11139717698,3537.174027930014,731.34325474035,3763.125
2025-01-06,2025-01-07,3,2024-12-06,31,102078.0859375,96922.703125,95929.975874878,101878.77551918384,106942.38452823833,4956.072394183837,97364.76994736353,101965.483278248,106962.63317199424,5042.780153247993,86.70775906415656,5155.3828125
2025-01-07,2025-01-08,3,2024-12-06,32,96922.703125,95043.5234375,90984.79228709824,96224.07950284425,101517.56693874113,1180.5560653442517,91174.39484789036,96084.36171086505,101517.56693874113,1040.8382733650506,-139.71779197920114,1879.1796875
2025-01-08,2025-01-09,3,2024-12-06,33,95043.5234375,92484.0390625,91654.46129820962,93994.01896953396,99501.3964855792,1509.979907033965,91666.83940067375,94001.36652051611,99483.97083652671,1517.3274580161087,7.34755098214373,2559.484375
2025-01-09,2025-01-10,3,2024-12-06,34,92484.0390625,94701.453125,87256.32437058631,92601.52099993825,97604.45887686592,2099.9321250617504,87360.5102103753,92318.6592011503,97572.16677900963,2382.7939238497056,282.8617987879552,2217.4140625
2025-01-10,2025-01-11,3,2024-12-06,35,94701.453125,94566.59375,90042.1812973097,94689.10263851658,99922.23180526122,122.5088885165751,89898.31619264651,94747.59246527217,99776.53219049424,180.99871527217329,58.48982675559819,134.859375
2025-01-11,2025-01-12,3,2024-12-06,36,94566.59375,94488.4375,90468.92611999437,94461.41464046389,100293.1622454077,27.022859536111355,90482.08196359873,94163.13660624996,100208.97386491299,325.3008937500417,298.27803421393037,78.15625
2025-01-12,2025-01-13,3,2024-12-06,37,94488.4375,94516.5234375,90878.61677829176,94569.37988184392,99871.52265690267,52.85644434392452,90799.39777307212,94543.18005159497,99847.4854953587,26.65661409497261,-26.199830248951912,28.0859375
2025-01-13,2025-01-14,3,2024-12-06,38,94516.5234375,96534.046875,90419.33531841729,94444.35671655927,100238.43739466742,2089.6901584407315,90670.45409952058,94402.88197810762,100188.38828078471,2131.1648968923837,41.47473845165223,2017.5234375
2025-01-14,2025-01-15,3,2024-12-06,39,96534.046875,100504.4921875,92309.50968396943,96306.13003046717,102533.70708211139,4198.362157032825,92776.67275797576,96431.80622441042,102525.00721922144,4072.685963089578,-125.6761939432472,3970.4453125
2025-01-15,2025-01-16,3,2024-12-06,40,100504.4921875,99756.90625,95201.11387955258,100296.87224088702,106955.61498247553,539.9659908870235,95422.53601778066,100390.20476925652,106880.6853762595,633.2985192565247,93.33252836950123,747.5859375
2025-01-16,2025-01-17,3,2024-12-06,41,99756.90625,104462.0390625,94244.52367517725,99561.12907843664,103297.38947268203,4900.909984063357,94288.14929346554,99786.08909510821,103099.05553188547,4675.949967391789,-224.96001667156816,4705.1328125
2025-01-17,2025-01-18,3,2024-12-06,42,104462.0390625,104408.0703125,101570.9677808513,104656.34081023838,109912.32574708946,248.2704977383837,102240.83124392526,104697.1363319708,109418.57042453438,289.06601947080344,40.79552173241973,53.96875
2025-01-18,2025-01-19,3,2024-12-06,43,104408.0703125,101089.609375,99723.53336954443,104271.78832556168,109417.78843557741,3182.178950561676,99736.19759363774,103757.69550584443,109168.3498949837,2668.086130844429,-514.092819717247,3318.4609375
2025-01-19,2025-01-20,3,2024-12-06,44,101089.609375,102016.6640625,97694.70644833054,101700.22445047274,106206.64083271287,316.4396120272577,97631.8493685266,101220.78255630098,105942.16147487983,795.8815061990172,479.4418941717595,927.0546875
2025-01-20,2025-01-21,3,2024-12-06,45,102016.6640625,106146.265625,95941.18384885462,101840.48281618673,107934.55162892025,4305.7828088132665,96156.82254347764,101730.27680706885,107766.81034843437,4415.988817931153,110.20600911788642,4129.6015625
2025-01-21,2025-01-22,3,2024-12-06,46,106146.265625,103653.0703125,100632.93114948273,105972.43018088862,112342.1490662191,2319.359868388623,101146.55427598767,105671.30563719664,112208.04599177651,2018.2353246966377,-301.1245436919853,2493.1953125
2025-01-22,2025-01-23,3,2024-12-06,47,103653.0703125,103960.171875,97263.75663107168,103323.71023402456,108666.06539175287,636.4616409754381,97288.04933091346,103197.44009176455,108716.17062972765,762.7317832354456,126.27014226000756,307.1015625
2025-01-23,2025-01-24,3,2024-12-06,48,103960.171875,104819.484375,100422.1324758539,103793.69646110572,108621.23560367525,1025.7879138942808,100401.65920973662,103896.73201467656,108621.23560367525,922.752360323444,-103.03555357083678,859.3125
2025-01-24,2025-01-25,3,2024-12-06,49,104819.484375,104714.6484375,100421.33367940038,104343.68863912951,110833.24758363515,370.959798370488,100459.78219832294,104156.81909071002,110673.89302990772,557.8293467899784,186.86954841949046,104.8359375
2025-01-25,2025-01-26,3,2024-12-06,50,104714.6484375,102682.5,100673.03461051779,104573.59724402195,111051.48518302012,1891.0972440219484,100739.15060204454,104638.20903900778,110935.03165994771,1955.7090390077792,64.61179498583078,2032.1484375
2025-01-26,2025-01-27,3,2024-12-06,51,102682.5,102087.6875,97832.5356888771,102868.3384269476,108945.73972016573,780.6509269475937,97856.9681417942,102924.03364777565,108854.28939163685,836.34614777565,55.695220828056335,594.8125
2025-01-27,2025-01-28,3,2024-12-06,52,102087.6875,101332.4765625,97942.19092957675,102210.32258164138,108195.50358409435,877.846019141376,97991.78286742419,102258.47848300636,108107.11432161927,926.0019205063581,48.15590136498213,755.2109375
2025-01-28,2025-01-29,3,2024-12-06,53,101332.4765625,103703.2109375,97579.17647665786,101326.8715480417,104696.45161928236,2376.3393894582987,97533.82901054481,101021.12042529602,104689.3849523468,2682.090512203984,305.7511227456853,2370.734375
2025-01-29,2025-01-30,3,2024-12-06,54,103703.2109375,104735.3046875,99361.38022816274,103509.18328766059,107470.83353726473,1226.1213998394087,99501.07519109268,103233.03848815197,107546.75095030479,1502.2661993480287,276.14479950862005,1032.09375
2025-01-30,2025-01-31,3,2024-12-06,55,104735.3046875,102405.0234375,100676.28799229162,104619.36506565474,110047.45190129057,2214.3416281547397,100702.3575518881,104275.76627250575,109779.32747967448,1870.7428350057453,-343.59879314899445,2330.28125
2025-01-31,2025-02-01,3,2024-12-06,56,102405.0234375,100655.90625,97302.53314664355,101866.06877663825,106422.54229262564,1210.162526638247,97466.56707216846,101948.81819720613,105863.17647425272,1292.9119472061284,82.74942056788132,1749.1171875
2025-02-01,2025-02-02,3,2024-12-06,57,100655.90625,97688.9765625,96004.03977124393,100525.26584109105,103904.0197866261,2836.2892785910517,96043.68486066163,100759.36265464872,103849.51978779584,3070.386092148721,234.09681355766952,2966.9296875
2025-02-02,2025-02-03,3,2024-12-06,58,97688.9765625,101405.421875,93722.07027474185,98005.17337270081,101550.17142772581,3400.2485022991896,93343.69849512214,97338.9439452854,100820.99260956421,4066.4779297146015,666.2294274154119,3716.4453125
2025-02-03,2025-02-04,3,2024-12-06,59,101405.421875,97871.8203125,96257.28774809372,101208.66996497661,106875.4296030514,3336.8496524766088,96307.37631648779,101186.18541394174,106785.72107980959,3314.365101441741,-22.484551034867764,3533.6015625
2025-02-04,2025-02-05,3,2024-12-06,60,97871.8203125,96615.4453125,91135.52329850104,98327.69399679545,101795.92983777821,1712.2486842954531,92576.36788791232,97410.10717950622,102109.24163666926,794.6618670062162,-917.5868172892369,1256.375
2025-02-05,2025-02-06,3,2024-12-06,61,96615.4453125,96593.296875,92587.2429624279,96314.62081144843,101405.01502174605,278.6760635515675,92681.20814837795,96788.55271518789,100909.36119109578,195.25584018789232,-83.42022336367518,22.1484375
2025-02-06,2025-02-07,3,2024-12-06,62,96593.296875,96529.0859375,94019.6083228793,96410.46459009871,102103.63256674446,118.62134740129113,93508.85704254918,96392.48420132976,101687.76338917203,136.60173617023975,17.980388768948615,64.2109375
2025-02-07,2025-02-08,3,2024-12-06,63,96529.0859375,96482.453125,92732.7115142364,96683.39700346254,101787.18085114565,200.94387846253812,92728.59770319378,96686.75709527917,101787.18085114565,204.30397027917206,3.3600918166339397,46.6328125
2025-02-08,2025-02-09,3,2024-12-06,64,96482.453125,96500.09375,92666.14592804667,96733.32612652332,102127.90077160299,233.2323765233159,92666.14592804667,96736.68459509313,102127.90077160299,236.59084509313107,3.358468569815159,17.640625
2025-02-09,2025-02-10,3,2024-12-06,65,96500.09375,97437.5546875,92844.04291353747,96497.83902330697,102371.3445401229,939.7156641930342,92678.23997564614,96450.36897382326,102283.35268055648,987.1857136767358,47.47004948370159,937.4609375
2025-02-10,2025-02-11,3,2024-12-06,66,97437.5546875,95747.4296875,93038.64577531395,97207.12715889327,102264.24362979457,1459.6974713932723,93080.90282486891,97197.17851597304,102283.59498893656,1449.7488284730352,-9.948642920237035,1690.125
2025-02-11,2025-02-12,3,2024-12-06,67,95747.4296875,97885.859375,91372.53558188723,96419.0512792673,99037.1336458018,1466.8080957327038,91372.81522447243,96118.4640351357,98987.3686796194,1767.3953398643062,300.58724413160235,2138.4296875
2025-02-12,2025-02-13,3,2024-12-06,68,97885.859375,96623.8671875,93329.07661151607,98000.61137450859,101942.89216299541,1376.7441870085895,93497.14383227285,97967.78674825095,102263.0518752709,1343.9195607509464,-32.824626257643104,1261.9921875
2025-02-13,2025-02-14,3,2024-12-06,69,96623.8671875,97508.96875,92516.06668050168,96843.00593772437,100519.10022716504,665.9628122756258,92295.26927166851,96641.2370290421,99725.1095659053,867.731720957905,201.7689086822793,885.1015625
2025-02-14,2025-02-15,3,2024-12-06,70,97508.96875,97580.3515625,91507.01649560966,97359.16477361135,101593.57540630177,221.18678888864815,91564.49705143832,97329.42483385652,101923.92877266183,250.92672864347696,29.73993975482881,71.3828125
2025-02-15,2025-02-16,3,2024-12-06,71,97580.3515625,96175.03125,93525.50597220892,97360.70117612137,102609.60965593345,1185.6699261213653,93118.27595889801,97142.76658118935,102251.45709423814,967.735331189353,-217.93459493201226,1405.3203125
2025-02-16,2025-02-17,3,2024-12-06,72,96175.03125,95773.3828125,94273.41906258836,96125.03257187828,99372.56193870306,351.6497593782842,94260.59550801851,96119.82174885459,99257.8435774818,346.43893635459244,-5.210823023691773,401.6484375
2025-02-17,2025-02-18,3,2024-12-06,73,95773.3828125,95539.546875,93519.09809967829,96089.36183341965,98785.26479015965,549.8149584196508,93729.87446529139,96060.83055818919,98766.62070354447,521.2836831891909,-28.53127523045987,233.8359375
2025-02-18,2025-02-19,3,2024-12-06,74,95539.546875,96635.609375,93518.30528355762,95523.27740064729,98655.70074251667,1112.33197435271,93606.22991919145,95602.4380457215,98453.701864589,1033.171329278499,-79.16064507421106,1096.0625
2025-02-19,2025-02-20,3,2024-12-06,75,96635.609375,98333.9375,94154.23102720082,96716.5133682061,99739.2330870349,1617.4241317939013,94471.15971993748,96641.91073969938,100110.55280980468,1692.0267603006214,74.60262850672007,1698.328125
2025-02-20,2025-02-21,3,2024-12-06,76,98333.9375,96125.546875,95671.22450051457,97722.77682441846,102671.79330465943,1597.2299494184554,95836.45058439672,98011.25722961873,103033.25100572407,1885.7103546187282,288.4804052002728,2208.390625
2025-02-21,2025-02-22,3,2024-12-06,77,96125.546875,96577.7578125,93693.08103560004,96368.3070219215,99566.12908473238,209.45079057849944,93678.89472160954,95683.75434705988,99131.07448298484,894.0034654401243,684.5526748616248,452.2109375
2025-02-22,2025-02-23,3,2024-12-06,78,96577.7578125,96273.921875,93637.54779976001,96086.3786716084,99975.79818351287,187.5432033916004,94152.97176992381,96494.07581989048,100301.66117021162,220.1539448904805,32.61074149888009,303.8359375
2025-02-23,2025-02-24,3,2024-12-06,79,96273.921875,91418.171875,93937.79583127238,96386.24478642829,99459.57959848084,4968.072911428288,93940.31497698184,95997.2404865548,99363.93239874206,4579.0686115548015,-389.00429987348616,4855.75
2025-02-24,2025-02-25,3,2024-12-06,80,91418.171875,88736.171875,87267.32156661805,91608.57990205288,96877.62510671467,2872.4080270528793,87320.74849843048,91351.5257961629,96877.27637406439,2615.353921162896,-257.0541058899835,2682.0
2025-02-25,2025-02-26,3,2024-12-06,81,88736.171875,84347.0234375,84529.52746607363,89086.42586075701,94720.64801266417,4739.402423257008,84952.95069526881,89037.96723647043,94019.76980498992,4690.943798970431,-48.458624286577106,4389.1484375
2025-02-26,2025-02-27,3,2024-12-06,82,84347.0234375,84704.2265625,78010.7366099935,84939.17947867885,89635.081858892,234.95291617885232,77759.60923774494,84288.16679505212,89344.64466454554,416.0597674478777,181.10685126902536,357.203125
2025-02-27,2025-02-28,3,2024-12-06,83,84704.2265625,84373.0078125,77888.48928647814,84904.07688952982,89943.72415456641,531.0690770298243,78079.95361428615,84957.81594775803,89927.1137166135,584.8081352580339,53.739058228209615,331.21875
2025-02-28,2025-03-01,3,2024-12-06,84,84373.0078125,86031.9140625,78170.55765042314,85110.23243351374,89656.86163332313,921.6816289862618,77796.21225351468,84482.47958863154,89399.4762280304,1549.4344738684595,627.7528448821977,1658.90625
2025-03-01,2025-03-02,3,2024-12-06,85,86031.9140625,94248.3515625,82161.05594676454,86101.5817346843,91574.85784547869,8146.769827815704,82395.70872750599,86149.38403411768,91497.99059933983,8098.967528382316,-47.802299433387816,8216.4375
2025-03-02,2025-03-03,3,2024-12-06,86,94248.3515625,86065.671875,88350.70642293803,94033.78582120361,98866.66918462794,7968.113946203608,87796.1555205211,94324.61663656309,98849.18709045555,8258.944761563092,290.8308153594844,8182.6796875
2025-03-03,2025-03-04,3,2024-12-06,87,86065.671875,87222.1953125,81066.63756630104,86323.4090041127,90159.08659128286,898.7863083872944,81225.90087011922,86131.64256646112,90073.54014876299,1090.552746038884,191.7664376515895,1156.5234375
2025-03-04,2025-03-05,3,2024-12-06,88,87222.1953125,90623.5625,84070.48211223586,85482.50481692422,90738.02022790816,5141.057683075778,84078.05163487745,85373.18864069832,90717.37040377874,5250.373859301675,109.31617622589692,3401.3671875
2025-03-05,2025-03-06,4,2025-03-04,1,90623.5625,89961.7265625,86697.86859181896,90553.87664867565,95269.59561251104,592.1500861756504,86777.21787915751,90556.84752056375,95246.04470081627,595.1209580637515,2.970871888101101,661.8359375
2025-03-06,2025-03-07,4,2025-03-04,2,89961.7265625,86742.671875,84802.97565448377,89849.71688782191,93949.01145362109,3107.045012821909,84745.74020675942,89850.93945500208,93949.01145362109,3108.2675800020806,1.222567180171609,3219.0546875
2025-03-07,2025-03-08,4,2025-03-04,3,86742.671875,86154.59375,84043.63783985935,87309.99483844638,90030.39241329394,1155.4010884463787,84031.2757335091,86788.18055759929,90030.39241329394,633.5868075992912,-521.8142808470875,588.078125
2025-03-08,2025-03-09,4,2025-03-04,4,86154.59375,80601.0390625,81235.03823906928,86363.06289576739,90915.91277808324,5762.023833267391,81385.26892335899,86463.04551149532,90915.91277808324,5862.006448995322,99.98261572793126,5553.5546875
2025-03-09,2025-03-10,4,2025-03-04,5,80601.0390625,78532.0,74232.95195529703,80655.22078839224,84930.90745507367,2123.2207883922383,74311.24594242824,80657.42111029848,84930.90745507367,2125.4211102984846,2.200321906246245,2069.0390625
2025-03-10,2025-03-11,4,2025-03-04,6,78532.0,82862.2109375,71820.73429012299,80591.60238742828,83224.76137828827,2270.6085500717163,71796.75418305397,79975.35623168945,83191.64889001846,2886.854705810547,616.2461557388306,4330.2109375
2025-03-11,2025-03-12,4,2025-03-04,7,82862.2109375,83722.359375,79434.6380042159,82945.05726470146,87544.7817596728,777.3021102985367,79251.98491773894,82995.75087996293,87479.6268324973,726.6084950370714,-50.69361526146531,860.1484375
2025-03-12,2025-03-13,4,2025-03-04,8,83722.359375,81066.703125,80025.78309840057,83608.10280583799,87101.3816343639,2541.399680837989,79971.78369523399,83637.47536724992,87343.19875650108,2570.772242249921,29.37256141193211,2655.65625
2025-03-13,2025-03-14,4,2025-03-04,9,81066.703125,83969.1015625,78176.12794195767,81110.78985543922,84059.565900838,2858.311707060784,78275.55018719193,81147.48369925283,84059.565900838,2821.617863247171,-36.69384381361306,2902.3984375
2025-03-14,2025-03-15,4,2025-03-04,10,83969.1015625,84343.109375,79576.99902210385,83437.9964505788,88743.5321165761,905.1129244212061,79705.07565347012,83360.13947216794,88743.5321165761,982.969902832061,77.85697841085494,374.0078125
2025-03-15,2025-03-16,4,2025-03-04,11,84343.109375,82579.6875,80354.21980898734,84249.14018485323,88691.74328499474,1669.452684853226,80615.87765238341,84232.0576196853,88691.74328499474,1652.3701196853071,-17.0825651679188,1763.421875
2025-03-16,2025-03-17,4,2025-03-04,12,82579.6875,84075.6875,79558.49706837907,82678.74050326645,85971.42102140933,1396.9469967335463,79494.71114762127,82632.90560133755,85971.42102140933,1442.781898662448,45.83490192890167,1496.0
2025-03-17,2025-03-18,4,2025-03-04,13,84075.6875,82718.5,79454.03975949064,83899.71063695848,89446.82047970593,1181.2106369584799,79562.64969663322,83885.52865374833,89417.96540573984,1167.0286537483335,-14.181983210146427,1357.1875
2025-03-18,2025-03-19,4,2025-03-04,14,82718.5,86854.2265625,79448.89086389542,83476.80642801523,86909.97687959671,3377.420134484768,79358.28477796912,83124.89371162653,86844.91523134708,3729.3328508734703,351.9127163887024,4135.7265625
2025-03-19,2025-03-20,4,2025-03-04,15,86854.2265625,84167.1953125,82150.88510078099,86660.37179137114,91809.98406146467,2493.1764788711444,82349.05741928797,86707.80786646204,91770.86728929542,2540.6125539620407,47.43607509089634,2687.03125
2025-03-20,2025-03-21,4,2025-03-04,16,84167.1953125,84043.2421875,79431.01163457287,84018.25285019679,88501.48166826833,24.98933730321005,79643.24047101988,84056.1945741484,88447.68197930139,12.952386648394167,-12.036950654815882,123.953125
2025-03-21,2025-03-22,4,2025-03-04,17,84043.2421875,83832.484375,81346.71964785084,84069.07048682682,87069.89207048435,236.58611182682216,81112.55675955908,84063.14941432793,87024.11646938883,230.66503932792693,-5.921072498895228,210.7578125
2025-03-22,2025-03-23,4,2025-03-04,18,83832.484375,86054.375,80439.07884059381,83711.01703127194,88617.31534593366,2343.357968728058,80459.60072058439,83705.11580403335,88533.33903351054,2349.259195966646,5.901227238588035,2221.890625
2025-03-23,2025-03-24,4,2025-03-04,19,86054.375,87498.9140625,81356.08820039779,85970.13748403639,90625.64641825855,1528.776578463614,81450.32773524523,85952.77500510216,90587.38228447735,1546.1390573978424,17.36247893422842,1444.5390625
2025-03-24,2025-03-25,4,2025-03-04,20,87498.9140625,87471.703125,82632.87509666383,87348.33671719953,91889.90841507632,123.36640780046582,82871.13798181387,87392.11951069487,91990.87743021268,79.58361430512741,-43.78279349533841,27.2109375
2025-03-25,2025-03-26,4,2025-03-04,21,87471.703125,86900.8828125,83472.95731049962,87344.81682640593,92304.1644441057,443.934013905935,83510.54823020473,87579.08489784971,92383.16272640415,678.2020853497088,234.2680714437738,570.8203125
2025-03-26,2025-03-27,4,2025-03-04,22,86900.8828125,87177.1015625,82785.31371893082,86886.40556147927,89016.59190245625,290.6960010207258,82831.79631308466,86859.64725064812,88979.38096459117,317.4543118518777,26.758310831151903,276.21875
2025-03-27,2025-03-28,4,2025-03-04,23,87177.1015625,84353.1484375,83383.92022601841,87112.56005701376,90558.7210326232,2759.4116195137613,83444.90236178739,87152.69519817596,90488.56247799192,2799.546760675963,40.13514116220176,2823.953125
2025-03-28,2025-03-29,4,2025-03-04,24,84353.1484375,82597.5859375,79872.74014832824,84267.72544527333,88834.9242990017,1670.1395077733323,79965.26747769536,84354.13389403187,89077.48738534562,1756.5479565318674,86.40844875853509,1755.5625
2025-03-29,2025-03-30,4,2025-03-04,25,82597.5859375,82334.5234375,78153.58089471702,82879.13388589583,86948.54250464682,544.6104483958334,78247.81586149754,83040.2997535374,87329.19446439482,705.7763160374016,161.16586764156818,263.0625
2025-03-30,2025-03-31,4,2025-03-04,26,82334.5234375,82548.9140625,78467.23080429155,82037.51541823382,84286.09692474548,511.3986442661844,78458.49051113194,82129.47743593063,84207.85142551083,419.43662656936795,-91.96201769681647,214.390625
2025-03-31,2025-04-01,4,2025-03-04,27,82548.9140625,85169.171875,79219.0674756649,82268.95398680912,86062.14510215633,2900.2178881908767,79561.50550423935,82364.24541171826,85742.65042641666,2804.926463281736,-95.29142490914091,2620.2578125
2025-04-01,2025-04-02,4,2025-03-04,28,85169.171875,82485.7109375,80794.92287388258,85159.68901365623,90046.72323429026,2673.978076156229,80817.72133763786,85171.79133776948,89940.36086230166,2686.0804002694786,12.102324113249779,2683.4609375
2025-04-02,2025-04-03,4,2025-03-04,29,82485.7109375,83102.828125,77884.98300583055,82591.03287528176,86606.72797423415,511.7952497182414,77985.6637378768,82686.59058150556,86805.34601374995,416.2375434944406,-95.55770622380078,617.1171875
2025-04-03,2025-04-04,4,2025-03-04,30,83102.828125,83843.8046875,80670.85965376161,82968.97965922393,87330.02638867497,874.825028276071,80675.1789440494,82966.50300194882,87245.4931225609,877.3016855511814,2.476657275110483,740.9765625
2025-04-04,2025-04-05,4,2025-03-04,31,83843.8046875,83504.796875,80438.1418741215,83335.15115829092,87973.68234081939,169.6457167090848,80676.31678273575,83349.37398692593,88053.0823061578,155.42288807407022,-14.222828635014594,339.0078125
2025-04-05,2025-04-06,4,2025-03-04,32,83504.796875,78214.484375,78918.5974736847,83265.88275749702,88164.74951881357,5051.39838249702,78986.64676045999,83311.68860786222,87855.56127316691,5097.204232862219,45.80585036519915,5290.3125
2025-04-06,2025-04-07,4,2025-03-04,33,78214.484375,79235.3359375,73891.61517650168,78045.53543175757,82274.66687082499,1189.8005057424307,73920.66842744779,78212.93194679637,82491.69913086109,1022.4039907036349,-167.39651503879577,1020.8515625
2025-04-07,2025-04-08,4,2025-03-04,34,79235.3359375,76271.953125,75022.21637381334,79716.04080731049,83537.83910141885,3444.087682310492,74984.83545889007,79914.32259279862,83493.92656232137,3642.3694677986205,198.28178548812866,2963.3828125
2025-04-08,2025-04-09,4,2025-03-04,35,76271.953125,82573.953125,72846.88325998373,76384.80706717819,80430.40085999295,6189.14605782181,72179.1928944597,76370.05022314377,80430.40085999295,6203.902901856229,14.756844034418464,6302.0
2025-04-09,2025-04-10,4,2025-03-04,36,82573.953125,79626.140625,78218.27624221705,82454.78179603722,85738.85185847245,2828.6411710372195,78019.745952853,82524.00678847358,86137.32991304994,2897.8661634735763,69.22499243635684,2947.8125
2025-04-10,2025-04-11,4,2025-03-04,37,79626.140625,83404.8359375,77078.7634135522,79759.86639560759,82887.88948396035,3644.9695418924093,77017.31106837094,79574.68354078196,82871.04087217525,3830.15239671804,185.18285482563078,3778.6953125
2025-04-11,2025-04-12,4,2025-03-04,38,83404.8359375,85287.109375,80526.44916564366,83386.42715576431,85191.34780346416,1900.6822192356922,80508.36351942318,83404.30400672881,85587.27332196105,1882.8053682711907,-17.8768509645015,1882.2734375
2025-04-12,2025-04-13,4,2025-03-04,39,85287.109375,83684.9765625,81623.18633671384,85301.84138077311,89183.92315879464,1616.8648182731122,81632.11297651287,85284.5422035316,89183.92315879464,1599.5656410316005,-17.299177241511643,1602.1328125
2025-04-13,2025-04-14,4,2025-03-04,40,83684.9765625,84542.390625,80792.5174334636,83663.92215835629,87022.11707732454,878.4684666437097,80767.78187550372,83665.14920962835,87006.87370867655,877.2414153716527,-1.2270512720569968,857.4140625
2025-04-14,2025-04-15,4,2025-03-04,41,84542.390625,83668.9921875,79836.34716168232,83989.35233612638,89977.63494396396,320.36014862637967,80240.08138891496,84042.4948868053,89309.53844727203,373.5026993053034,53.142550678923726,873.3984375
2025-04-15,2025-04-16,4,2025-03-04,42,83668.9921875,84033.8671875,79386.19434733596,83431.26898481883,87735.34162532352,602.5982026811689,79455.16040779324,83466.79181717383,87810.29714551102,567.0753703261726,-35.52283235499635,364.875
2025-04-16,2025-04-17,4,2025-03-04,43,84033.8671875,84895.75,78931.86949691037,83841.32356831105,88821.52706405148,1054.4264316889457,79343.17284056218,83865.6162910047,88736.40736725647,1030.1337089953013,-24.292722693644464,861.8828125
2025-04-17,2025-04-18,4,2025-03-04,44,84895.75,84450.8046875,79593.33811280131,84607.9370238483,89701.52536064386,157.1323363482952,79657.5366294235,84547.25533303618,89778.16686239839,96.45064553618431,-60.6816908121109,444.9453125
2025-04-18,2025-04-19,4,2025-03-04,45,84450.8046875,85063.4140625,80016.09466835624,84427.74549005786,86509.78312891629,635.6685724421404,79965.95437896065,84430.32775774784,86484.3631448336,633.0863047521561,-2.582267689984292,612.609375
2025-04-19,2025-04-20,4,2025-03-04,46,85063.4140625,85174.3046875,81697.47219484532,85424.36993109807,88261.06162536796,250.06524359807372,81610.89896391612,85300.07967147883,88203.636828091,125.77498397883028,-124.29025961924344,110.890625
2025-04-20,2025-04-21,4,2025-03-04,47,85174.3046875,87518.90625,81271.04963534139,85514.69291285798,89667.08607161511,2004.2133371420205,81378.71299733827,85372.23834891059,89608.74366787728,2146.667901089415,142.4545639473945,2344.6015625
2025-04-21,2025-04-22,4,2025-03-04,48,87518.90625,93441.890625,83124.11777584814,87442.59880062193,92001.61939322948,5999.291824378073,83221.29657503217,87455.19672858529,91688.71085867286,5986.693896414712,-12.597927963361144,5922.984375
2025-04-22,2025-04-23,4,2025-03-04,49,93441.890625,93699.109375,88809.478171058,93582.28836315125,99061.69885053858,116.82101184874773,88793.07021578215,93642.84073577821,99059.14798715897,56.26863922178745,-60.55237262696028,257.21875
2025-04-23,2025-04-24,4,2025-03-04,50,93699.109375,93943.796875,89763.98733415455,93724.10739693418,98424.65144450963,219.68947806581855,90048.38730532397,93765.04472954758,98254.32309934683,178.75214545242488,-40.937332613393664,244.6875
2025-04-24,2025-04-25,4,2025-03-04,51,93943.796875,94720.5,91625.09425261244,93788.78068681434,96534.98171634041,931.719313185662,91591.13896561787,93869.71006724518,96595.64655461535,850.7899327548221,-80.92938043083996,776.703125
2025-04-25,2025-04-26,4,2025-03-04,52,94720.5,94646.9296875,89455.9496575892,93680.97608006,99623.35333424807,965.9536074399948,90080.32795348763,93948.30384618044,99935.42956656218,698.625841319561,-267.3277661204338,73.5703125
2025-04-26,2025-04-27,4,2025-03-04,53,94646.9296875,93754.84375,90011.59717257321,94297.18002105737,99958.62052636407,542.336271057371,89963.4704179815,94398.13845502445,99885.97062065173,643.2947050244547,100.95843396708369,892.0859375
2025-04-27,2025-04-28,4,2025-03-04,54,93754.84375,94978.75,89136.98677617125,93885.38466632366,99198.05349079892,1093.3653336763382,89057.83516920172,93464.95462181978,99626.48028407246,1513.7953781802207,420.4300445038825,1223.90625
2025-04-28,2025-04-29,4,2025-03-04,55,94978.75,94284.7890625,90159.55052912235,94632.83524505794,99908.24047550559,348.0461825579405,90170.25014922023,94731.97939679027,100015.91601744294,447.19033429026604,99.14415173232555,693.9609375
2025-04-29,2025-04-30,4,2025-03-04,56,94284.7890625,94207.3125,90111.79251747439,94174.53960324358,96696.84581699129,32.77289675641805,90214.82051913347,94133.11035389919,96427.28594530746,74.20214610081166,41.42924934439361,77.4765625
2025-04-30,2025-05-01,4,2025-03-04,57,94207.3125,96492.3359375,90058.04395213723,93893.70394878834,96451.53684490174,2598.631988711655,90034.87004898861,94029.15925909951,96332.53966643661,2463.1766784004867,-135.45531031116843,2285.0234375
2025-05-01,2025-05-02,4,2025-03-04,58,96492.3359375,96910.0703125,92373.31594234426,95868.2352017411,100362.83830995485,1041.835110758897,92469.98532911483,95949.99698198447,100343.4446181301,960.07333051553,-81.76178024336696,417.734375
2025-05-02,2025-05-03,4,2025-03-04,59,96910.0703125,95891.796875,92027.41831859387,96242.23873130977,100681.36404958181,350.44185630977154,92566.81408460485,96465.86203460861,101414.60634231195,574.06515960861,223.62330329883844,1018.2734375
2025-05-03,2025-05-04,4,2025-03-04,60,95891.796875,94315.9765625,91507.41424818989,95247.20333409496,98353.06989774108,931.2267715949565,91742.08520886023,95277.98753678799,98285.87734540924,962.0109742879868,30.784202693030238,1575.8203125
2025-05-04,2025-05-05,4,2025-03-04,61,94315.9765625,94748.0546875,89274.95174102252,94255.27376682032,96465.83819752559,492.780920679681,89392.02864626655,94336.70928249136,96414.65851129964,411.34540500864387,-81.43551567103714,432.078125
2025-05-05,2025-05-06,4,2025-03-04,62,94748.0546875,96802.4765625,87570.13342259824,93948.18176903343,97091.4307458615,2854.2947934665717,89383.15423228452,93848.73627730273,96811.45404655766,2953.740285197273,99.44549173070118,2054.421875
2025-05-06,2025-05-07,4,2025-03-04,63,96802.4765625,97032.3203125,93884.0899697612,96150.18040201999,100217.07836680021,882.1399104800075,93592.01301455777,96552.58894959418,101148.15191547107,479.73136290581897,-402.40854757418856,229.84375
2025-05-07,2025-05-08,4,2025-03-04,64,97032.3203125,103241.4609375,94125.06653566565,96971.84144797875,100453.30609851144,6269.619489521254,93613.61903939722,96969.96756903594,101261.90799663868,6271.493368464056,1.8738789428025484,6209.140625
2025-05-08,2025-05-09,4,2025-03-04,65,103241.4609375,102970.8515625,98465.46179999504,103287.3303981917,108212.10067624971,316.4788356916979,98734.35874443362,102764.32377977902,108714.05558752175,206.5277827209793,-109.95105297071859,270.609375
2025-05-09,2025-05-10,4,2025-03-04,66,102970.8515625,104696.328125,100094.41930848453,103552.98505407572,107807.49167054985,1143.343070924282,100166.63975377986,103993.96737705264,107886.65367474966,702.3607479473576,-440.9823229769245,1725.4765625
2025-05-10,2025-05-11,4,2025-03-04,67,104696.328125,104106.359375,102783.75545902643,104646.0118810134,107583.43089666218,539.6525060134009,102738.31919802353,104801.87803828157,107667.11449232884,695.5186632815748,155.866157268174,589.96875
2025-05-11,2025-05-12,4,2025-03-04,68,104106.359375,102812.953125,100949.91778450739,103407.55823534634,109708.65769867226,594.6051103463396,101059.32826885115,103790.71211333945,109829.98221034929,977.7589883394539,383.1538779931143,1293.40625
2025-05-12,2025-05-13,4,2025-03-04,69,102812.953125,104169.8125,99479.05455002189,102620.6646760013,107605.24848264456,1549.1478239987046,99582.74250199646,102769.16763937008,107724.25675849244,1400.6448606299236,-148.5029633687809,1356.859375
2025-05-13,2025-05-14,4,2025-03-04,70,104169.8125,103539.4140625,101039.93396272138,104243.45129539073,109662.55880961567,704.0372328907251,101022.32522547618,104212.19516588002,109803.0685853064,672.7811033800244,-31.256129510700703,630.3984375
2025-05-14,2025-05-15,4,2025-03-04,71,103539.4140625,103744.640625,100369.95893116808,103548.80697895307,108708.1224551471,195.83364604692906,100524.23850962427,103604.3375060521,108806.24819207471,140.30311894789338,-55.53052709903568,205.2265625
2025-05-15,2025-05-16,4,2025-03-04,72,103744.640625,103489.2890625,100275.20405147877,103727.27690083534,106798.31865357421,237.98783833533525,99593.10279740766,103826.02999019064,106135.2321615424,336.7409276906401,98.75308935530484,255.3515625
2025-05-16,2025-05-17,4,2025-03-04,73,103489.2890625,103191.0859375,100030.0759611167,103314.72831349494,106079.25761007238,123.64237599493936,99381.05096630892,103275.44767284812,105943.8603013102,84.36173534812406,-39.2806406468153,298.203125
2025-05-17,2025-05-18,4,2025-03-04,74,103191.0859375,106446.0078125,99399.0268836692,102719.2005362385,105803.53297419939,3726.8072762615047,98798.16812466923,102774.60575377429,105679.80613628309,3671.402058725711,-55.40521753579378,3254.921875
2025-05-18,2025-05-19,4,2025-03-04,75,106446.0078125,105606.1796875,102619.6032167892,106338.64319704752,109357.03420856502,732.4635095475242,102193.59625898628,106309.85105516575,109059.21509443317,703.6713676657528,-28.792141881771386,839.828125
2025-05-19,2025-05-20,4,2025-03-04,76,105606.1796875,106791.0859375,101783.18700564234,105403.14046263695,108392.12762309611,1387.9454748630524,101681.23306451179,105402.22774290713,108038.7980791349,1388.8581945928745,0.912719729822129,1184.90625
2025-05-20,2025-05-21,4,2025-03-04,77,106791.0859375,109678.078125,104276.41961904522,106688.05808609817,109539.3567380039,2990.0200389018282,103577.9804091868,106659.16624021204,109262.6340880692,3018.911884787958,28.891845886129886,2886.9921875
2025-05-21,2025-05-22,4,2025-03-04,78,109678.078125,111673.28125,106118.85229152907,109215.36641110852,113608.70888360962,2457.9148388914764,105660.63171846047,109511.37639139965,114864.37171431631,2161.9048586003482,-296.00998029112816,1995.203125
2025-05-22,2025-05-23,4,2025-03-04,79,111673.28125,107287.796875,109787.97937186435,111778.809378203,117833.34428861737,4491.012503203005,108824.46110077202,111777.31837904081,117389.99835023656,4489.5215040408075,-1.490999162197113,4385.484375
2025-05-23,2025-05-24,4,2025-03-04,80,107287.796875,107791.15625,102094.58312442247,107702.98897241987,114108.28918045759,88.16727758012712,102067.30268996488,107790.91817396507,112765.58789088391,0.23807603493332863,-87.92920154519379,503.359375
2025-05-24,2025-05-25,4,2025-03-04,81,107791.15625,109035.390625,105495.46611855552,107667.9082838092,113424.1209252812,1367.4823411908,105387.16236178763,107758.1903262902,113546.36018946022,1277.2002987097949,-90.28204248100519,1244.234375
2025-05-25,2025-05-26,4,2025-03-04,82,109035.390625,109440.3671875,107519.37172557693,108585.17131057102,114473.27305944636,855.1958769289777,107169.95214506052,108545.02039141487,114571.08324612491,895.3467960851267,40.15091915614903,404.9765625
2025-05-26,2025-05-27,4,2025-03-04,83,109440.3671875,108994.640625,107507.43917821255,109242.96349478792,115321.93004229106,248.322869787924,107391.692329905,109240.76519181905,115243.93921055272,246.12456681905314,-2.1983029688708484,445.7265625
2025-05-27,2025-05-28,4,2025-03-04,84,108994.640625,107802.328125,106791.96636137087,108793.92857467476,115157.18595989607,991.6004496747628,106544.08909060992,108814.1069733901,115048.04330103658,1011.7788483900949,20.17839871533215,1192.3125
2025-05-28,2025-05-29,4,2025-03-04,85,107802.328125,105641.7578125,105640.6163104903,107795.4463936435,113140.02000296675,2153.688581143506,105371.50912940595,107843.56710898317,113052.58153396659,2201.809296483174,48.120715339668095,2160.5703125
2025-05-29,2025-05-30,4,2025-03-04,86,105641.7578125,103998.5703125,101614.19324968243,105644.1253865324,108156.77629580721,1645.555074032396,101373.13517339993,105783.23295441456,108134.77548817638,1784.6626419145614,139.1075678821653,1643.1875
2025-05-30,2025-05-31,4,2025-03-04,87,103998.5703125,104638.09375,99435.39966769796,103475.6583230584,106719.14829917625,1162.4354269416071,100160.25609319145,103539.80968191102,106301.79563816264,1098.2840680889785,-64.15135885262862,639.5234375
2025-05-31,2025-06-01,4,2025-03-04,88,104638.09375,105652.1015625,101252.42109944671,104377.44053947926,107595.71435364336,1274.6610230207443,100665.2154196389,104395.55878164433,107100.30360952765,1256.5427808556706,-18.118242165073752,1014.0078125
2025-06-01,2025-06-02,5,2025-05-31,1,105652.1015625,105881.53125,102890.54723252077,105318.49912927905,110856.06022121944,563.032120720949,102890.54723252077,105318.49912927905,110856.06022121944,563.032120720949,0.0,229.4296875
2025-06-02,2025-06-03,5,2025-05-31,2,105881.53125,105432.46875,103207.96391859278,105668.2247112561,110343.92246873304,235.75596125610173,103130.37610276043,105603.06962660886,110633.05604564399,170.60087660886347,-65.15508464723825,449.0625
2025-06-03,2025-06-04,5,2025-05-31,3,105432.46875,104731.984375,102606.24632007256,105160.49205165915,108894.06806161255,428.5076766591519,102128.39710532315,105231.90015312284,108990.36813613772,499.9157781228423,71.4081014636904,700.484375
2025-06-04,2025-06-05,5,2025-05-31,4,104731.984375,101575.953125,101685.3884645477,105290.43956340477,108053.11351008527,3714.4864384047687,101264.79916968103,104610.46137977671,108117.64860663936,3034.508254776709,-679.9781836280599,3156.03125
2025-06-05,2025-06-06,5,2025-05-31,5,101575.953125,104390.34375,98264.33028552495,102398.77011284232,105221.57291784883,1991.5736371576786,97846.7826314196,102440.77553035505,105028.40127599798,1949.5682196449488,-42.005417512729764,2814.390625
2025-06-06,2025-06-07,5,2025-05-31,6,104390.34375,105615.625,101137.27340091951,104115.0011966452,108624.74038495123,1500.6238033547997,101017.57791373506,104167.43524927832,108302.54504693672,1448.1897507216781,-52.43405263312161,1225.28125
2025-06-07,2025-06-08,5,2025-05-31,7,105615.625,105793.6484375,102763.71248904616,105642.15289615095,111094.87570598722,151.49554134905338,102890.64223989844,105491.24479778111,111080.06943836808,302.4036397188902,150.9080983698368,178.0234375
2025-06-08,2025-06-09,5,2025-05-31,8,105793.6484375,110294.1015625,102851.32766611408,106424.26555571798,108802.36920743436,3869.8360067820176,103249.45650831284,105794.8339265529,109347.08881565928,4499.267635947093,629.4316291650757,4500.453125
2025-06-09,2025-06-10,5,2025-05-31,9,110294.1015625,110257.234375,107472.72049620282,110046.0235609673,116527.51495982055,211.21081403270364,107409.57683485234,110157.30892268941,117029.02223205194,99.92545231059194,-111.2853617221117,36.8671875
2025-06-10,2025-06-11,5,2025-05-31,10,110257.234375,108686.625,107006.20264660101,110207.80096978135,113925.29556297883,1521.175969781354,107097.02552085277,110124.17426393088,113963.58312197961,1437.5492639308795,-83.62670585047454,1570.609375
2025-06-11,2025-06-12,5,2025-05-31,11,108686.625,105929.0546875,105743.66981890798,108508.13687109947,112056.62494942546,2579.082183599472,105710.31990283728,108510.61803229898,112129.34953330457,2581.563344798982,2.4811611995100975,2757.5703125
2025-06-12,2025-06-13,5,2025-05-31,12,105929.0546875,106090.96875,99738.60179087054,105853.91970975511,109165.225514655,237.04904024489224,99763.26374238916,105900.93905255059,109209.95292493608,190.0296974494122,-47.01934279548004,161.9140625
2025-06-13,2025-06-14,5,2025-05-31,13,106090.96875,105472.40625,102709.48201482743,106208.04229756817,109300.96177176386,735.6360475681722,102630.89337654412,106133.02012146637,109636.9553915374,660.6138714663684,-75.02217610180378,618.5625
2025-06-14,2025-06-15,5,2025-05-31,14,105472.40625,105552.0234375,102231.21938841976,105411.76526935771,108951.46091010422,140.25816814228892,102198.70485888608,105411.76526935771,108900.36305703968,140.25816814228892,0.0,79.6171875
2025-06-15,2025-06-16,5,2025-05-31,15,105552.0234375,106796.7578125,102100.63561573299,105452.88999168249,109058.88245250005,1343.8678208175115,101926.25713520218,105429.97045477107,109025.22351138666,1366.7873577289283,22.9195369114168,1244.734375
2025-06-16,2025-06-17,5,2025-05-31,16,106796.7578125,104601.1171875,103011.78863772424,106633.4360542777,112218.87213409413,2032.3188667776994,102937.5723077124,106697.52474203473,112006.12162533216,2096.4075545347296,64.08868775703013,2195.640625
2025-06-17,2025-06-18,5,2025-05-31,17,104601.1171875,104883.328125,100121.8628565101,104629.435251371,107966.86434736848,253.8928736289963,100123.20955439564,104801.03947637882,108021.5801836811,82.28864862117916,-171.60422500781715,282.2109375
2025-06-18,2025-06-19,5,2025-05-31,18,104883.328125,104684.2890625,100804.41505811177,104648.4517592797,108710.85452615283,35.837303220294416,101015.52309340518,104783.97875436768,108631.1849830281,99.68969186767936,63.85238864738494,199.0390625
2025-06-19,2025-06-20,5,2025-05-31,19,104684.2890625,103309.6015625,101479.28887697076,104499.27037171833,107849.58622869011,1189.6688092183322,101400.60040032677,104481.10045307688,107920.54375437368,1171.4988905768842,-18.16991864144802,1374.6875
2025-06-20,2025-06-21,5,2025-05-31,20,103309.6015625,102257.40625,99418.43212288804,103299.15189112118,106657.62208423298,1041.7456411211751,99418.43212288804,103427.43592402339,106657.62208423298,1170.0296740233898,128.28403290221468,1052.1953125
2025-06-21,2025-06-22,5,2025-05-31,21,102257.40625,100987.140625,98972.5581247583,102281.72536533698,105524.46911745891,1294.5847403369844,99009.6950595323,102408.75769662857,105524.46911745891,1421.6170716285706,127.03233129158616,1270.265625
2025-06-22,2025-06-23,5,2025-05-31,22,100987.140625,105577.7734375,97339.82243890222,101115.78516110405,104129.74630371481,4461.988276395947,97339.9849600736,100975.7701623058,104122.66760380566,4602.003275194205,140.0149987982586,4590.6328125
2025-06-23,2025-06-24,5,2025-05-31,23,105577.7734375,106045.6328125,102275.93196852831,105350.86941618705,109119.62079905439,694.7633963129483,102314.49501710711,105356.22469594236,109276.95652695373,689.4081165576354,-5.355279755312949,467.859375
2025-06-24,2025-06-25,5,2025-05-31,24,106045.6328125,107361.2578125,103423.20364985988,105887.23957773158,114134.32571274601,1474.0182347684167,103397.35784847243,105804.07665064558,113885.41212540492,1557.1811618544161,83.1629270859994,1315.625
2025-06-25,2025-06-26,5,2025-05-31,25,107361.2578125,106960.0,104494.47972697578,107281.7153881425,114795.20448358264,321.7153881425038,104399.56635303609,107233.06844446063,115174.41003326699,273.0684444606304,-48.64694368187338,401.2578125
2025-06-26,2025-06-27,5,2025-05-31,26,106960.0,107088.4296875,104154.93886947632,106622.32518196106,110268.3793258667,466.10450553894043,104130.5341720581,106622.05104351044,110339.9485874176,466.378643989563,0.2741384506225586,128.4296875
2025-06-27,2025-06-28,5,2025-05-31,27,107088.4296875,107327.703125,104437.00868845638,106963.859687699,110658.61507327016,363.843437300995,104305.9918911662,106944.00865780655,110719.27879934665,383.69446719344705,19.85102989245206,239.2734375
2025-06-28,2025-06-29,5,2025-05-31,28,107327.703125,108385.5703125,104244.54551550746,107276.44212406036,111759.34556040913,1109.1281884396449,103797.9741074713,107324.70282430854,112000.66185610928,1060.867488191463,-48.26070024818182,1057.8671875
2025-06-29,2025-06-30,5,2025-05-31,29,108385.5703125,107135.3359375,104998.4566374002,108256.61659520818,113882.40582260583,1121.2806577081792,104469.12685532402,108381.55847649788,114137.16063888185,1246.2225389978848,124.94188128970563,1250.234375
2025-06-30,2025-07-01,5,2025-05-31,30,107135.3359375,105698.28125,104182.27147033112,107076.61245505325,110569.7528821975,1378.331205053255,104170.73239543103,107175.82167898677,110588.01616621204,1477.540428986773,99.20922393351793,1437.0546875
2025-07-01,2025-07-02,5,2025-05-31,31,105698.28125,108859.3203125,102668.42046646401,105676.6277770605,109073.652584292,3182.692535439506,102209.88596908748,105779.38884692267,109096.79918294773,3079.931465577334,-102.76106986217201,3161.0390625
2025-07-02,2025-07-03,5,2025-05-31,32,108859.3203125,109647.9765625,105385.45045684883,108492.05055167386,112936.34362569079,1155.926010826137,104940.09134437097,108604.63937010849,112676.73789577093,1043.337192391511,-112.58881843462586,788.65625
2025-07-03,2025-07-04,5,2025-05-31,33,109647.9765625,108034.3359375,106622.88293173863,109451.68195819529,115258.80637208372,1417.3460206952877,106690.12045093579,109439.62390775606,115004.46973745339,1405.2879702560604,-12.058050439227372,1613.640625
2025-07-04,2025-07-05,5,2025-05-31,34,108034.3359375,108231.1796875,105111.78623438347,107969.87162249861,111170.15685356688,261.30806500138715,105142.91404366493,108079.29546675179,111144.54112635925,151.88422074820846,-109.42384425317869,196.84375
2025-07-05,2025-07-06,5,2025-05-31,35,108231.1796875,109232.0703125,104663.04806946311,107900.11666069133,111453.1850045491,1331.953651808668,104139.29125262005,108048.1431657509,111509.68357211258,1183.9271467491053,-148.02650505956262,1000.890625
2025-07-06,2025-07-07,5,2025-05-31,36,109232.0703125,108299.8515625,105686.8623810797,109067.05563890515,115081.10966101289,767.204076405149,105551.65386947803,109097.22640226828,115134.47167580016,797.3748397682793,30.17076336313039,932.21875
2025-07-07,2025-07-08,5,2025-05-31,37,108299.8515625,108950.2734375,105389.12960674753,108252.21237703972,111821.5492993677,698.0610604602844,105205.028039088,108392.97390524391,111853.69606679212,557.2995322560892,-140.7615282041952,650.421875
2025-07-08,2025-07-09,5,2025-05-31,38,108950.2734375,111326.5546875,105522.51090936363,108837.42170740385,112680.67965474911,2489.132980096154,104975.35730302334,108996.51030700654,112880.93984882813,2330.044380493462,-159.08859960269183,2376.28125
2025-07-09,2025-07-10,5,2025-05-31,39,111326.5546875,115987.203125,108574.70013978705,111189.01239052042,117010.79136550147,4798.190734479576,108405.83127082558,111223.33160896786,117319.53161993343,4763.871516032144,-34.31921844743192,4660.6484375
2025-07-10,2025-07-11,5,2025-05-31,40,115987.203125,117516.9921875,113318.4671388669,116691.13690022193,122823.41206238978,825.855287278071,113282.26870191749,116455.70879253,122723.49995184876,1061.2833949699998,235.42810769192874,1529.7890625
2025-07-11,2025-07-12,5,2025-05-31,41,117516.9921875,117435.2265625,114661.20563847944,118169.18663636316,124297.75511545595,733.9600738631561,114612.35584698152,117924.82560593635,124476.37135910336,489.59904343634844,-244.3610304268077,81.765625
2025-07-12,2025-07-13,5,2025-05-31,42,117435.2265625,119116.1171875,114222.77014635364,118323.36059002299,121077.28864327352,792.7565974770114,114132.17322387267,118142.26474065054,121488.21214873344,973.8524468494579,181.09584937244654,1680.890625
2025-07-13,2025-07-14,5,2025-05-31,43,119116.1171875,119849.703125,114775.04841805482,119729.16289512347,122678.22329727467,120.5402298765257,115010.8707280485,119510.04658830352,123364.15630986262,339.6565366964787,219.11630681995302,733.5859375
2025-07-14,2025-07-15,5,2025-05-31,44,119849.703125,117777.1875,116132.6528363144,120524.43033597246,126477.34852618538,2747.242835972458,116226.92691206932,120253.30218023993,126519.66720655002,2476.1146802399307,-271.1281557325274,2072.515625
2025-07-15,2025-07-16,5,2025-05-31,45,117777.1875,118738.5078125,114204.35928510502,116978.23362652212,122208.49274005741,1760.2741859778762,114183.6360460706,117392.1578620188,122045.95009893179,1346.3499504812062,-413.92423549667,961.3203125
2025-07-16,2025-07-17,5,2025-05-31,46,118738.5078125,119289.84375,113934.68155048462,118369.05512232613,122792.25353233889,920.7886276738718,114577.85847048042,118653.38124728389,123641.1836535288,636.4625027161092,-284.32612495776266,551.3359375
2025-07-17,2025-07-18,5,2025-05-31,47,119289.84375,118003.2265625,115473.91906776465,119285.00879444182,124585.51369104534,1281.7822319418192,116005.51532115787,119528.903861437,126104.47186147794,1525.6772989369929,243.8950669951737,1286.6171875
2025-07-18,2025-07-19,5,2025-05-31,48,118003.2265625,117939.9765625,113403.86085662106,117783.56909575779,122130.7894117795,156.4074667422101,113888.61246109987,117940.87422683975,122293.67214039993,0.8976643397472799,-155.5098024024628,63.25
2025-07-19,2025-07-20,5,2025-05-31,49,117939.9765625,117300.7890625,113725.8190068095,117333.23707860056,121963.88744164351,32.44801610056311,113860.21415746631,118203.66325049754,122032.82137026265,902.8741879975423,870.4261718969792,639.1875
2025-07-20,2025-07-21,5,2025-05-31,50,117300.7890625,117439.5390625,113065.63976429123,117478.12582765706,121296.1659658067,38.586765157058835,113545.88372128177,117695.84648950025,121250.49636519141,256.3074270002544,217.72066184319556,138.75
2025-07-21,2025-07-22,5,2025-05-31,51,117439.5390625,119995.4140625,112779.95766518451,117444.32702283375,121221.21573288925,2551.0870396662503,113380.29369165143,117537.0482546771,121300.95907224901,2458.3658078229055,-92.72123184334487,2555.875
2025-07-22,2025-07-23,5,2025-05-31,52,119995.4140625,118754.9609375,116366.91732846573,119930.61436918937,127182.04336028267,1175.6534316893667,116171.73864957457,119897.9141266048,126943.80077924766,1142.9531891047955,-32.70024258457124,1240.453125
2025-07-23,2025-07-24,5,2025-05-31,53,118754.9609375,118368.0,115775.30234417412,118247.68410262186,123084.06396624167,120.3158973781392,115646.03756647557,118238.13541216543,123016.2250860827,129.86458783457056,9.548690456431359,386.9609375
2025-07-24,2025-07-25,5,2025-05-31,54,118368.0,117635.8828125,115150.57242393494,120254.92121887207,122672.00459289551,2619.0384063720703,115289.25105857849,119737.1622505188,122277.07809448242,2101.279438018799,-517.7589683532715,732.1171875
2025-07-25,2025-07-26,5,2025-05-31,55,117635.8828125,117947.3671875,113900.85664489819,119247.98620942142,122029.66004023701,1300.6190219214186,114572.86672574328,119273.56469041016,121106.45076533966,1326.1975029101595,25.57848098874092,311.484375
2025-07-26,2025-07-27,5,2025-05-31,56,117947.3671875,119448.4921875,114251.24785494246,117932.41392886592,121598.45098888222,1516.0782586340792,114769.3743999973,119300.85151531734,122346.0576788988,147.64067218266428,-1368.437586451415,1501.125
2025-07-27,2025-07-28,5,2025-05-31,57,119448.4921875,117924.4765625,115725.82251989376,120442.92706261855,124638.6428373931,2518.450500118546,116202.11520339735,120579.66773168743,125733.42255213764,2655.1911691874266,136.74066906888038,1524.015625
2025-07-28,2025-07-29,5,2025-05-31,58,117924.4765625,117922.1484375,114226.99401540495,118542.8604230294,121815.61788935028,620.7119855294004,114742.46150495671,118736.16776045784,121873.18414247874,814.0193229578435,193.30733742844313,2.328125
2025-07-29,2025-07-30,5,2025-05-31,59,117922.1484375,117831.1875,115227.81280237483,120073.7483448442,121638.92910562456,2242.560844844207,114786.36778224958,119609.82551727444,121719.95604878291,1778.6380172744393,-463.92282756976783,90.9609375
2025-07-30,2025-07-31,5,2025-05-31,60,117831.1875,115758.203125,115023.4954493232,119480.05841825902,121487.94567406923,3721.8552932590246,114649.18239470199,119427.21521383524,121540.8450647816,3669.0120888352394,-52.84320442378521,2072.984375
2025-07-31,2025-08-01,5,2025-05-31,61,115758.203125,113320.0859375,110989.46400096174,115753.60790709965,119575.269861985,2433.5219695996493,110599.3948586518,115862.27860068902,119600.46766344458,2542.1926631890237,108.67069358937442,2438.1171875
2025-08-01,2025-08-02,5,2025-05-31,62,113320.0859375,112526.9140625,109279.13572897064,113395.46508020535,118208.81509734318,868.5510177053511,108654.65735631622,113444.02924114186,117023.97114975471,917.1151786418632,48.56416093651205,793.171875
2025-08-02,2025-08-03,5,2025-05-31,63,112526.9140625,114217.671875,108869.5849222457,112553.25965633616,116103.54305381421,1664.4122186638415,108852.68296285998,112514.8680628743,116006.15557354409,1702.8038121256977,38.391593461856246,1690.7578125
2025-08-03,2025-08-04,5,2025-05-31,64,114217.671875,115071.8828125,110612.6349420743,114194.27991768345,118116.47666303813,877.6028948165476,110165.0356936194,114259.67664119415,117710.5622093007,812.2061713058501,-65.39672351069748,854.2109375
2025-08-04,2025-08-05,5,2025-05-31,65,115071.8828125,114141.4453125,112015.33942407882,114762.32374817273,120790.90301982872,620.8784356727265,112001.01821063599,114902.05846152082,121199.90809646808,760.6131490208209,139.73471334809437,930.4375
2025-08-05,2025-08-06,5,2025-05-31,66,114141.4453125,115028.0,111547.29681590572,114387.48203446157,117964.70248797443,640.5179655384272,111762.50070897862,114529.53619756736,117992.85479290411,498.4638024326414,-142.05416310578585,886.5546875
2025-08-06,2025-08-07,5,2025-05-31,67,115028.0,117496.8984375,111503.68536257744,114602.65487337112,118642.78223705292,2894.2435641288757,111563.58800888062,114795.1496310234,119074.92871713638,2701.748806476593,-192.49475765228271,2468.8984375
2025-08-07,2025-08-08,5,2025-05-31,68,117496.8984375,116688.7265625,114404.74652232416,117439.00865635369,124593.8522460591,750.2820938536897,114278.13976409007,117481.76417460898,124832.16261054575,793.0376121089794,42.755518255289644,808.171875
2025-08-08,2025-08-09,5,2025-05-31,69,116688.7265625,116500.359375,113585.84238089947,116575.92033433216,120477.49681542255,75.56095933215693,113546.55946723698,116714.2521101525,120574.85556638706,213.89273515250534,138.3317758203484,188.3671875
2025-08-09,2025-08-10,5,2025-05-31,70,116500.359375,119306.7578125,112301.35217298847,117533.28769026697,120476.38899599388,1773.4701222330332,112443.08539232612,117503.77584948577,120260.5845282767,1802.9819630142301,29.511840781196952,2806.3984375
2025-08-10,2025-08-11,5,2025-05-31,71,119306.7578125,118731.4453125,115375.52381909452,120733.51372044999,123534.9855045788,2002.0684079499915,115351.03271914646,120776.36603412218,123534.9855045788,2044.920721622184,42.852313672192395,575.3125
2025-08-11,2025-08-12,5,2025-05-31,72,118731.4453125,120172.90625,115438.85390041396,120338.47812423483,123085.77672229148,165.57187423482537,115490.38821842987,120240.02365674824,122673.898487119,67.11740674823523,-98.45446748659015,1441.4609375
2025-08-12,2025-08-13,5,2025-05-31,73,120172.90625,123344.0625,116947.54765758477,121549.9810621962,124158.91079424694,1794.0814378038049,116431.42753611505,121683.82632747665,124345.47473406792,1660.2361725233495,-133.84526528045535,3171.15625
2025-08-13,2025-08-14,5,2025-05-31,74,123344.0625,118359.578125,120256.28801096231,125535.36356382072,129225.58042813092,7175.78543882072,120106.46406820044,125146.3609405607,129770.61933193356,6786.7828155606985,-389.0026232600212,4984.484375
2025-08-14,2025-08-15,5,2025-05-31,75,118359.578125,117398.3515625,114270.5214617895,118324.27600282803,122776.08243021928,925.9244403280318,114289.75984851271,118362.13195558079,122604.93345262296,963.7803930807859,37.85595275275409,961.2265625
2025-08-15,2025-08-16,5,2025-05-31,76,117398.3515625,117491.3515625,114319.72316848394,117607.3665004475,121025.79286522791,116.01493794750422,114640.70489659207,117564.4998948276,121644.74858404975,73.1483323276043,-42.86660561989993,93.0
2025-08-16,2025-08-17,5,2025-05-31,77,117491.3515625,117453.0625,114390.59883896215,117308.67751780106,120821.99276084453,144.38498219894245,114328.55199073395,117312.51517839124,120840.66283955518,140.54732160875574,-3.837660590186715,38.2890625
2025-08-17,2025-08-18,5,2025-05-31,78,117453.0625,116252.3125,114182.0189711675,117604.36266724765,121382.61039361358,1352.050167247653,114117.27605303377,117302.00035818666,121325.68031032383,1049.6878581866622,-302.3623090609908,1200.75
2025-08-18,2025-08-19,5,2025-05-31,79,116252.3125,112831.1796875,113073.87785978988,116237.53949294984,120159.16309712082,3406.3598054498434,112819.36915953085,116215.20675292984,120207.97222547978,3384.0270654298365,-22.332740020006895,3421.1328125
2025-08-19,2025-08-20,5,2025-05-31,80,112831.1796875,114274.7421875,107156.16117770784,112941.43363903742,117353.54202662595,1333.3085484625772,106555.03032469936,112759.60271993792,116873.80215966422,1515.1394675620832,181.830919099506,1443.5625
2025-08-20,2025-08-21,5,2025-05-31,81,114274.7421875,112419.03125,110736.05787399923,114467.55662118457,117883.7259841878,2048.5253711845726,110720.54172026413,114393.258901719,117883.7259841878,1974.227651719004,-74.29771946556866,1855.7109375
2025-08-21,2025-08-22,5,2025-05-31,82,112419.03125,116874.0859375,108165.12092823163,111564.59864623472,115897.46997465938,5309.487291265279,108128.44801670499,111519.64367392845,115952.2414672263,5354.4422635715455,44.95497230626643,4455.0546875
2025-08-22,2025-08-23,5,2025-05-31,83,116874.0859375,115374.328125,113055.63989916816,116531.23554959893,125497.81534247287,1156.9074245989323,113084.4731598054,116636.60687127057,125296.19847140182,1262.2787462705746,105.37132167164236,1499.7578125
2025-08-23,2025-08-24,5,2025-05-31,84,115374.328125,113458.4296875,111863.51264675427,115233.66224325914,122123.36091223173,1775.2325557591394,111833.06885020249,115251.41138238274,122203.70997907408,1792.9816948827356,17.74913912359625,1915.8984375
2025-08-24,2025-08-25,5,2025-05-31,85,113458.4296875,110124.3515625,108589.58586405264,113419.83524738392,119409.655835093,3295.4836848839186,108332.08446291368,113437.97943571955,119435.39447870292,3313.6278732195497,18.144188335631043,3334.078125
2025-08-25,2025-08-26,5,2025-05-31,86,110124.3515625,111802.65625,104876.34426889988,109724.7005554894,116410.84365507122,2077.9556945106015,104910.41759244539,110120.99739792058,116397.13818414789,1681.6588520794176,-396.2968424311839,1678.3046875
2025-08-26,2025-08-27,5,2025-05-31,87,111802.65625,111222.0625,108257.83730250783,111860.57936955243,117570.12497127056,638.5168695524335,108254.53197953291,111862.4852614291,117570.12497127056,640.4227614291012,1.905891876667738,580.59375
2025-08-27,2025-08-28,5,2025-05-31,88,111222.0625,112544.8046875,108065.32440751791,111111.56446875632,117306.01727641374,1433.240218743682,108075.20877064392,111125.25407965854,117398.78842167556,1419.550607841462,-13.68961090222001,1322.7421875
2025-08-28,2025-08-29,6,2025-08-27,1,112544.8046875,108410.8359375,109338.71770780534,112697.93931969441,116127.06030373462,4287.103382194415,109355.85043299478,112704.94267329574,116033.56150824111,4294.106735795736,7.003353601321578,4133.96875
2025-08-29,2025-08-30,6,2025-08-27,2,108410.8359375,108808.0703125,103901.96732452791,108868.847567752,114399.49308598973,60.77725525200367,104737.15360006504,108234.04138045013,114600.86828978732,574.0289320498705,513.2516767978668,397.234375
2025-08-30,2025-08-31,6,2025-08-27,3,108808.0703125,108236.7109375,105148.9701810889,108902.17442966904,114715.03309110552,665.4634921690449,105266.80461974116,108882.76991426107,114544.63394744601,646.0589767610654,-19.40451540797949,571.359375
2025-08-31,2025-09-01,6,2025-08-27,4,108236.7109375,109250.59375,105351.18201913079,108476.26471987553,113713.89411370922,774.3290301244706,105214.19921558723,108183.04165182775,113649.49613203108,1067.5520981722511,293.22306804778054,1013.8828125
2025-09-01,2025-09-02,6,2025-08-27,5,109250.59375,111200.5859375,105091.04995159432,109010.02674025856,114677.6677556485,2190.5591972414404,105159.96478428505,109013.76453804411,114650.69570263848,2186.82139945589,-3.737797785550356,1949.9921875
2025-09-02,2025-09-03,6,2025-08-27,6,111200.5859375,111723.2109375,108169.31700876448,110909.97151785996,117787.40424457937,813.2394196400419,108175.61367661692,110979.67894502217,117815.56029198691,743.5319924778305,-69.70742716221139,522.625
2025-09-03,2025-09-04,6,2025-08-27,7,111723.2109375,110723.6015625,108223.59650082747,111508.16467173072,116975.48606926482,784.5631092307158,108338.82102430332,111519.15238852752,117040.70649248175,795.5508260275237,10.987716796807945,999.609375
2025-09-04,2025-09-05,6,2025-08-27,8,110723.6015625,110650.984375,107234.56278743455,110590.40760906134,114182.61857093219,60.57676593866199,107381.72158110095,110576.75295195775,114230.12278641388,74.23142304224893,13.654657103586942,72.6171875
2025-09-05,2025-09-06,6,2025-08-27,9,110650.984375,110224.6953125,107338.6205190029,110052.65761432052,113745.42591148242,172.0376981794834,107413.0618125191,109984.4620818533,113508.82566663437,240.23323064669967,68.19553246721625,426.2890625
2025-09-06,2025-09-07,6,2025-08-27,10,110224.6953125,111167.6171875,107291.75885382853,110230.10891323909,112763.12218721397,937.5082742609084,108205.23170960834,110186.74097819207,112573.75127980672,980.8762093079276,43.36793504701927,942.921875
2025-09-07,2025-09-08,6,2025-08-27,11,111167.6171875,112071.4296875,108247.88306682603,111021.70369994128,113955.0080863852,1049.7259875587188,109140.11478898814,111014.20957367867,113937.19711256213,1057.2201138213277,7.494126262608916,903.8125
2025-09-08,2025-09-09,6,2025-08-27,12,112071.4296875,111530.546875,109662.30906975642,111779.58145934064,116788.04174140748,249.0345843406394,110147.66957352916,111562.86294100294,116597.06117736362,32.316066002938896,-216.71851833770052,540.8828125
2025-09-09,2025-09-10,6,2025-08-27,13,111530.546875,113955.359375,109076.97955892887,111572.82649267465,114497.84478451125,2382.5328823253512,109193.10890502296,111522.05771277193,114519.06436621211,2433.30166222807,50.76877990271896,2424.8125
2025-09-10,2025-09-11,6,2025-08-27,14,113955.359375,115507.5390625,110624.94021692593,114018.05201524682,119112.11770672165,1489.4870472531766,110669.61976053845,113968.4277000092,118037.92040931806,1539.111362490803,49.62431523762643,1552.1796875
2025-09-11,2025-09-12,6,2025-08-27,15,115507.5390625,116101.578125,113174.00286690099,115299.47394978954,120054.66471488588,802.1041752104647,113645.52807914792,115299.47394978954,120169.94356890209,802.1041752104647,0.0,594.0390625
2025-09-12,2025-09-13,6,2025-08-27,16,116101.578125,115950.5078125,113864.52183076274,116669.94744292274,121126.6765057724,719.4396304227412,113833.25639733393,116553.35602583364,120851.7925866358,602.8482133336365,-116.59141708910465,151.0703125
2025-09-13,2025-09-14,6,2025-08-27,17,115950.5078125,115407.65625,113605.69348874036,116410.0327577861,119265.54246892687,1002.3765077861026,113605.69348874036,116391.67664025445,119265.54246892687,984.0203902544454,-18.35611753165722,542.8515625
2025-09-14,2025-09-15,6,2025-08-27,18,115407.65625,115444.875,112090.71080368012,115534.06167335808,119272.44566274807,89.18667335808277,112365.08678982966,115534.06167335808,119338.93645629287,89.18667335808277,0.0,37.21875
2025-09-15,2025-09-16,6,2025-08-27,19,115444.875,116843.1875,113481.37404511124,115774.98652942479,119195.00638090074,1068.2009705752134,113570.03638422489,115767.1421315521,119300.56169964373,1076.0453684478998,7.844397872686386,1398.3125
2025-09-16,2025-09-17,6,2025-08-27,20,116843.1875,116468.5078125,114851.4187987633,117330.40276331455,121975.62749486417,861.8949508145452,114940.98094013706,117215.75486508012,121736.2054656148,747.2470525801182,-114.64789823442698,374.6796875
2025-09-17,2025-09-18,6,2025-08-27,21,116468.5078125,117137.203125,113596.6175733218,116795.70117462985,119878.2136366507,341.5019503701478,114298.34223224083,116795.70117462985,119900.42824156489,341.5019503701478,0.0,668.6953125
2025-09-18,2025-09-19,6,2025-08-27,22,117137.203125,115688.859375,114110.21205549035,117942.21866037324,120163.53091197833,2253.3592853732407,114148.1867258884,117829.32099162228,120066.30067480914,2140.461616622284,-112.89766875095665,1448.34375
2025-09-19,2025-09-20,6,2025-08-27,23,115688.859375,115721.9609375,113698.77733794786,116084.33544581383,118746.15860635601,362.37450831383467,113723.07740897499,116004.77408953942,118768.16934038512,282.8131520394236,-79.56135627441108,33.1015625
2025-09-20,2025-09-21,6,2025-08-27,24,115721.9609375,115306.09375,112549.73567408556,116184.92559254915,118681.55492229108,878.8318425491452,112671.10525200935,116213.71603459585,118504.5909593897,907.6222845958546,28.79044204670936,415.8671875
2025-09-21,2025-09-22,6,2025-08-27,25,115306.09375,112748.5078125,112619.40769609995,115339.90782149136,118134.92948696017,2591.4000089913607,113428.91106938012,115224.41077445634,117995.16465812922,2475.902961956337,-115.49704703502357,2557.5859375
2025-09-22,2025-09-23,6,2025-08-27,26,112748.5078125,112014.5,108575.36809770204,112642.11819296004,116492.79608510714,627.6181929600425,108597.8005751213,112611.04336504312,116486.9090718599,596.5433650431223,-31.074827916920185,734.0078125
2025-09-23,2025-09-24,6,2025-08-27,27,112014.5,113328.6328125,110082.70372250676,112058.16486251354,114583.18234783411,1270.4679499864578,109974.54305389524,112033.95556718111,114483.58106052876,1294.6772453188896,24.209295332431793,1314.1328125
2025-09-24,2025-09-25,6,2025-08-27,28,113328.6328125,109049.2890625,111123.58606453054,114033.27830675058,117367.48980518896,4983.989244250581,111558.79834787222,114025.57770604268,116703.45484730322,4976.288643542677,-7.700600707903504,4279.34375
2025-09-25,2025-09-26,6,2025-08-27,29,109049.2890625,109712.828125,105494.69979944965,109778.02558782883,113301.37010010984,65.19746282882988,105554.20587252919,109555.13293266296,112622.55237775762,157.69519233703613,92.49772950820625,663.5390625
2025-09-26,2025-09-27,6,2025-08-27,30,109712.828125,109681.9453125,106647.23862129077,109798.03643074445,115125.7985519655,116.09111824445426,106749.45589121338,110149.0057146512,114511.98485968634,467.0604021511972,350.96928390674293,30.8828125
2025-09-27,2025-09-28,6,2025-08-27,31,109681.9453125,112122.640625,107231.60492690932,109620.74727522908,113120.48919320852,2501.893349770922,107312.36332391901,109546.78793374356,112876.54692606535,2575.852691256441,73.95934148551896,2440.6953125
2025-09-28,2025-09-29,6,2025-08-27,32,112122.640625,114400.3828125,108822.61379340291,112962.04257987626,118080.45508926734,1438.340232623741,108813.80555964448,112934.3213707488,116423.3041972518,1466.061441751197,27.72120912745595,2277.7421875
2025-09-29,2025-09-30,6,2025-08-27,33,114400.3828125,114056.0859375,111813.51640816173,115168.35632578377,120538.52495718934,1112.2703882837668,111849.62192334328,115164.51052586641,120532.42895519268,1108.4245883664116,-3.84579991735518,344.296875
2025-09-30,2025-10-01,6,2025-08-27,34,114056.0859375,118648.9296875,111108.5453388635,114092.23915058468,118032.70823554974,4556.690536915325,111552.8736303267,114891.09055396076,118058.75921571907,3757.839133539237,-798.8514033760875,4592.84375
2025-10-01,2025-10-02,6,2025-08-27,35,118648.9296875,120681.2578125,115187.0945284213,118578.71860039607,124982.36860661488,2102.539212103933,115392.31061681593,118706.52427788824,123420.44065559004,1974.7335346117616,-127.80567749217153,2032.328125
2025-10-02,2025-10-03,6,2025-08-27,36,120681.2578125,122266.53125,116173.59716489771,120222.60012806067,126997.25818525627,2043.9311219393276,116203.65739517659,120273.6931684222,127158.02538954746,1992.8380815777928,-51.093040361534804,1585.2734375
2025-10-03,2025-10-04,6,2025-08-27,37,122266.53125,122425.4296875,118228.59567305632,122486.1811163351,127780.86519359797,60.751428835093975,118681.41400234401,122552.14895276725,127746.17596454173,126.71926526725292,65.96783643215895,158.8984375
2025-10-04,2025-10-05,6,2025-08-27,38,122425.4296875,123513.4765625,118280.66311463714,122424.83862043591,127384.07371623907,1088.6379420640878,118654.13723077392,122245.17612432595,127295.85148408078,1268.3004381740466,179.66249610995874,1088.046875
2025-10-05,2025-10-06,6,2025-08-27,39,123513.4765625,124752.53125,118549.51640118379,123426.1487925658,130039.44208568428,1326.3824574341998,118863.09980704682,123167.81702330336,130251.12836933695,1584.7142266966403,258.3317692624405,1239.0546875
2025-10-06,2025-10-07,6,2025-08-27,40,124752.53125,121451.3828125,120932.38829990476,124730.51375645213,131303.06647494063,3279.1309439521283,121275.04623224959,124315.17801865749,131540.95355821773,2863.7952061574906,-415.3357377946377,3301.1484375
2025-10-07,2025-10-08,6,2025-08-27,41,121451.3828125,123354.8671875,116568.73378493357,121794.297394027,128844.85863160435,1560.5697934729978,116642.70980580384,122131.31937539857,128958.96079825051,1223.5478121014312,-337.02198137156665,1903.484375
2025-10-08,2025-10-09,6,2025-08-27,42,123354.8671875,121705.5859375,118652.10522082262,122876.93113232916,127533.77659262158,1171.3451948291622,118619.5335437553,122724.32951663341,127511.3513973495,1018.7435791334137,-152.60161569574848,1649.28125
2025-10-09,2025-10-10,6,2025-08-27,43,121705.5859375,113214.3671875,119120.47273369506,121798.1352535123,125210.91123056598,8583.7680660123,119038.7031859532,121750.46053139027,125339.5140111167,8536.093343890272,-47.67472212202847,8491.21875
2025-10-10,2025-10-11,6,2025-08-27,44,113214.3671875,110807.8828125,109159.1019547605,112996.28202254977,118902.36947344616,2188.3992100497708,109343.24416594813,112823.17295836052,118829.27403106913,2015.2901458605193,-173.1090641892515,2406.484375
2025-10-11,2025-10-12,6,2025-08-27,45,110807.8828125,115169.765625,107922.40396532184,111475.24453156628,116023.95622411184,3694.521093433723,107409.55176741304,110044.91857489245,115828.06187523901,5124.84705010755,1430.325956673827,4361.8828125
2025-10-12,2025-10-13,6,2025-08-27,46,115169.765625,115271.078125,110772.3444442777,113314.95698675048,119948.19563945755,1956.121138249524,110772.3444442777,113183.17624370568,119948.19563945755,2087.901881294325,131.78074304480106,101.3125
2025-10-13,2025-10-14,6,2025-08-27,47,115271.078125,113118.6640625,112346.01856266521,115102.5606705444,118998.57950821705,1983.8966080443934,112354.82678937912,115102.5606705444,118998.57950821705,1983.8966080443934,0.0,2152.4140625
2025-10-14,2025-10-15,6,2025-08-27,48,113118.6640625,110783.1640625,109717.34013472311,113150.31287772115,117756.32798803411,2367.148815221153,109717.34013472311,113150.31287772115,117756.32798803411,2367.148815221153,0.0,2335.5
2025-10-15,2025-10-16,6,2025-08-27,49,110783.1640625,108186.0390625,106178.92395963194,110306.49290041067,115911.74376430456,2120.453837910667,106163.3272221568,110781.5396774793,116016.56282047741,2595.5006149793044,475.0467770686373,2597.125
2025-10-16,2025-10-17,6,2025-08-27,50,108186.0390625,106467.7890625,101527.79221643507,108300.49799259659,113342.107564806,1832.708930096589,104827.42070164997,108220.12525430229,113308.97573478706,1752.3361918022856,-80.37273829430342,1718.25
2025-10-17,2025-10-18,6,2025-08-27,51,106467.7890625,107198.265625,102057.17161792796,106829.37001163978,111452.66645388585,368.8956133602187,102057.20969377644,106638.6353946412,111482.75906613655,559.6302303588018,190.73461699858308,730.4765625
2025-10-18,2025-10-19,6,2025-08-27,52,107198.265625,108666.7109375,104120.74955579359,107262.18632848933,112345.51797161438,1404.5246090106666,104193.26415634342,107267.77076420002,112368.07295795158,1398.9401732999831,-5.584435710683465,1468.4453125
2025-10-19,2025-10-20,6,2025-08-27,53,108666.7109375,110588.9296875,105386.08982075192,108448.11729076924,113914.38340799324,2140.812396730762,105333.72294665733,108451.12911469676,113937.26031576097,2137.800572803244,-3.0118239275179803,1922.21875
2025-10-20,2025-10-21,6,2025-08-27,54,110588.9296875,108476.890625,106876.16362547502,110330.63729799958,116079.30899478961,1853.7466729995795,107166.41215901775,110333.70899006305,116102.61694143433,1856.8183650630526,3.071692063473165,2112.0390625
2025-10-21,2025-10-22,6,2025-08-27,55,108476.890625,107688.5859375,104871.07778688427,108471.09086830076,113846.58598968945,782.5049308007583,104837.13918831758,108444.16758302134,113869.43586725369,755.5816455213353,-26.923285279423,788.3046875
2025-10-22,2025-10-23,6,2025-08-27,56,107688.5859375,110069.7265625,104340.61613101372,107968.04503575247,112825.7345630452,2101.681526747532,104300.64663758688,107961.65197080094,112805.77228192147,2108.0745916990563,6.3930649515241385,2381.140625
2025-10-23,2025-10-24,6,2025-08-27,57,110069.7265625,111033.921875,106570.49643349601,109778.57728449162,115451.90091014374,1255.344590508379,106555.098548159,109722.40485404618,115402.85336400848,1311.5170209538192,56.17243044544011,964.1953125
2025-10-24,2025-10-25,6,2025-08-27,58,111033.921875,111641.7265625,107616.07743183151,110804.92108221538,116351.42326167785,836.8054802846164,107612.81469005812,110808.70003871154,116345.5595918782,833.0265237884596,-3.778956496156752,607.8046875
2025-10-25,2025-10-26,6,2025-08-27,59,111641.7265625,114472.4453125,108461.02638230147,111452.47640899196,117166.04767499305,3019.9689035080373,108516.32415922312,111456.28270603158,117141.81247601006,3016.162606468424,-3.8062970396131277,2830.71875
2025-10-26,2025-10-27,6,2025-08-27,60,114472.4453125,114119.328125,111743.76220697584,114171.56753748981,120456.37662794627,52.23941248981282,111736.28410095023,114175.47034464916,120450.27678598743,56.14221964916214,3.9028071593493223,353.1171875
2025-10-27,2025-10-28,6,2025-08-27,61,114119.328125,112956.1640625,111018.47442962695,113849.1986304624,117909.53476837277,893.0345679624006,111287.32514026575,113912.63447429333,118013.94611330144,956.4704117933288,63.435843830928206,1163.1640625
2025-10-28,2025-10-29,6,2025-08-27,62,112956.1640625,110055.3046875,109506.98222198803,112878.37430765759,116766.94640094135,2823.069620157592,109655.42505691666,112852.52742615854,116832.03826088738,2797.2227386585437,-25.846881499048322,2900.859375
2025-10-29,2025-10-30,6,2025-08-27,63,110055.3046875,108305.546875,107017.20207514381,109931.18001298327,115969.49579049088,1625.63313798327,107017.20207514381,109964.97614040691,115796.56614935305,1659.429265406914,33.796127423644066,1749.7578125
2025-10-30,2025-10-31,6,2025-08-27,64,108305.546875,109556.1640625,104849.393977765,110022.8297047969,111890.93915548176,466.6656422968954,104834.79160589166,108946.39862593263,111228.88749772683,609.7654365673661,143.09979427047074,1250.6171875
2025-10-31,2025-11-01,6,2025-08-27,65,109556.1640625,110064.015625,107110.50127855875,109353.31439540163,112988.3616232425,710.7012295983732,107204.43613759847,109352.56996899005,112846.92060504295,711.4456560099497,0.7444264115765691,507.8515625
2025-11-01,2025-11-02,6,2025-08-27,66,110064.015625,110639.625,107564.09166609216,109943.43682293966,114774.34321133979,696.1881770603359,107656.08712535724,109943.43682293966,114756.38103723526,696.1881770603359,0.0,575.609375
2025-11-02,2025-11-03,6,2025-08-27,67,110639.625,106547.5234375,108279.12796331942,110558.13508855551,115999.94261102378,4010.611651055515,108344.92264216393,110558.13508855551,115994.07338538766,4010.611651055515,0.0,4092.1015625
2025-11-03,2025-11-04,6,2025-08-27,68,106547.5234375,101590.5234375,102465.77129466552,106721.41905205045,109916.92720209714,5130.895614550449,102465.77129466552,106578.43877792917,109901.38062170055,4987.915340429172,-142.98027412127703,4957.0
2025-11-04,2025-11-05,6,2025-08-27,69,101590.5234375,103891.8359375,92991.8504408598,101833.73929431383,107029.2674283497,2058.0966431861743,96314.73879382387,101663.46518452931,106744.07646026183,2228.370752970688,170.2741097845137,2301.3125
2025-11-05,2025-11-06,6,2025-08-27,70,103891.8359375,101301.2890625,100627.29515473824,103842.18498584349,108952.7900120616,2540.895923343487,100962.70225694869,103742.91404471034,108964.81572272722,2441.624982210342,-99.27094113314524,2590.546875
2025-11-06,2025-11-07,6,2025-08-27,71,101301.2890625,103372.40625,98326.35298722424,100391.03832542663,106900.50881273579,2981.3679245733656,98314.08371564932,100486.61426034756,106572.26956994273,2885.79198965244,-95.57593492092565,2071.1171875
2025-11-07,2025-11-08,6,2025-08-27,72,103372.40625,102282.1171875,98235.08500101976,103237.73487881385,108672.21177081764,955.6176913138479,98294.95605897903,103237.73487881385,108672.21177081764,955.6176913138479,0.0,1090.2890625
2025-11-08,2025-11-09,6,2025-08-27,73,102282.1171875,104719.640625,96503.6269020508,102279.89806540869,107169.06297978759,2439.7425595913082,96429.15828571748,102254.02456498146,107073.20178263448,2465.6160600185394,25.873500427231193,2437.5234375
2025-11-09,2025-11-10,6,2025-08-27,74,104719.640625,105996.59375,101873.0969583923,104561.4927216461,110341.37196377479,1435.1010283539072,101873.0969583923,104561.4927216461,110325.76752132364,1435.1010283539072,0.0,1276.953125
2025-11-10,2025-11-11,6,2025-08-27,75,105996.59375,102997.46875,102895.13556596823,106031.96129440144,111369.97125062719,3034.492544401437,102865.51730084606,105477.64232143015,111317.5074977316,2480.1735714301467,-554.3189729712903,2999.125
2025-11-11,2025-11-12,6,2025-08-27,76,102997.46875,101663.1875,98888.29284572229,102069.14057940058,108329.93948567659,405.9530794005841,98948.37648693286,101802.96028762497,108295.46214542538,139.77278762497008,-266.180291775614,1334.28125
2025-11-12,2025-11-13,6,2025-08-27,77,101663.1875,99697.4921875,98405.33543374762,100727.32497864589,106688.09716963768,1029.832791145891,98405.33543374762,100721.34415524453,106669.23970010877,1023.8519677445292,-5.980823401361704,1965.6953125
2025-11-13,2025-11-14,6,2025-08-27,78,99697.4921875,94397.7890625,94738.96514025098,98722.12490500882,104979.7689600829,4324.335842508823,94705.82418802567,98572.34586594859,104408.09496223833,4174.556803448591,-149.7790390602313,5299.703125
2025-11-14,2025-11-15,6,2025-08-27,79,94397.7890625,95549.1484375,89104.09762661811,94283.00751013309,99180.39875682816,1266.1409273669124,89184.10149392718,94244.29686894268,99177.00032263063,1304.851568557322,38.71064119040966,1151.359375
2025-11-15,2025-11-16,6,2025-08-27,80,95549.1484375,94177.078125,92822.1458109091,95848.0083385352,100362.6061872663,1670.9302135352045,92813.51762373652,95868.6932070572,100361.33046850283,1691.615082057193,20.684868521988392,1372.0703125
2025-11-16,2025-11-17,6,2025-08-27,81,94177.078125,92093.875,90830.91873827297,94567.83751931414,101525.61356675997,2473.96251931414,90706.41371951345,94261.5372103136,101256.0248367805,2167.6622103136033,-306.3003090005368,2083.203125
2025-11-17,2025-11-18,6,2025-08-27,82,92093.875,92948.875,85512.19268103689,91891.32817139477,97786.4953634888,1057.5468286052346,86289.96613538265,91990.44706578553,97231.21657305956,958.4279342144728,-99.11889439076185,855.0
2025-11-18,2025-11-19,6,2025-08-27,83,92948.875,91465.9921875,90396.88865202665,92276.31320080906,95020.40545244515,810.3210133090615,90556.56785477698,93104.98632381856,97618.70774431527,1638.9941363185644,828.6731230095029,1482.8828125
2025-11-19,2025-11-20,6,2025-08-27,84,91465.9921875,86631.8984375,84530.89628053224,91962.19303184375,96878.02474644687,5330.294594343752,87268.8382889377,91875.55305845104,96704.61395651009,5243.654620951042,-86.63997339271009,4834.09375
2025-11-20,2025-11-21,6,2025-08-27,85,86631.8984375,85090.6875,80740.0912191947,86733.64326374605,91147.90430784691,1642.955763746053,80839.48657853343,86521.26694631437,91116.06515850499,1430.5794463143684,-212.37631743168458,1541.2109375
2025-11-21,2025-11-22,6,2025-08-27,86,85090.6875,84648.359375,80936.81720105186,87091.81698775291,90091.12747328728,2443.4576127529144,80964.9910511747,85542.48346200585,89610.4729681313,894.1240870058537,-1549.3335257470608,442.328125
2025-11-22,2025-11-23,6,2025-08-27,87,84648.359375,86805.0078125,81626.8903000094,84775.30252944678,90520.80217223614,2029.7052830532193,81745.39244104642,84701.08417483978,90520.80217223614,2103.9236376602203,74.21835460700095,2156.6484375
2025-11-23,2025-11-24,6,2025-08-27,88,86805.0078125,88270.5625,84463.85872316128,86869.94128227513,92045.52687197737,1400.6212177248672,84485.59979407722,86869.94128227513,92045.52687197737,1400.6212177248672,0.0,1465.5546875
2025-11-24,2025-11-25,7,2025-11-23,1,88270.5625,87341.890625,83626.47633882612,87938.40912716463,92738.33078516275,596.5185021646321,83552.3599053286,87871.54281401634,92593.01269804686,529.6521890163422,-66.86631314828992,928.671875
2025-11-25,2025-11-26,7,2025-11-23,2,87341.890625,90518.3671875,83278.27258852217,87346.05541089177,91879.52897373214,3172.3117766082287,83259.46858022083,87349.8870139122,91864.70233595744,3168.480173587799,-3.831603020429611,3176.4765625
2025-11-26,2025-11-27,7,2025-11-23,3,90518.3671875,91285.375,86988.26106110355,90568.1012022933,94695.60359555762,717.2737977067009,87044.42089620698,90568.68389632646,94695.60359555762,716.69110367354,-0.5826940331608057,767.0078125
2025-11-27,2025-11-28,7,2025-11-23,4,91285.375,90919.265625,85918.17201789469,91294.97298106551,95452.171984002,375.7073560655117,85786.2106603086,91294.97298106551,95447.94974289834,375.7073560655117,0.0,366.109375
2025-11-28,2025-11-29,7,2025-11-23,5,90919.265625,90851.7578125,88088.79570712242,91358.95869062841,94972.36904994585,507.2008781284094,88119.80984899029,91362.83884536847,94968.174580995,511.0810328684747,3.8801547400653362,67.5078125
2025-11-29,2025-11-30,7,2025-11-23,6,90851.7578125,90394.3125,86513.0235441029,90432.70358572481,95683.94555845298,38.391085724812,86346.18164028507,90406.55364890117,95467.9012678098,12.241148901171982,-26.14993682364002,457.4453125
2025-11-30,2025-12-01,7,2025-11-23,7,90394.3125,86321.5703125,86143.4961530082,90531.43508655578,94726.76123633981,4209.864774055779,86040.24742506444,90472.78217978776,94614.26144823432,4151.211867287755,-58.65290676802397,4072.7421875
2025-12-01,2025-12-02,7,2025-11-23,8,86321.5703125,91350.203125,82029.97661538143,86689.42913908139,90431.40585660562,4660.773985918611,81976.68812557915,86467.17852543853,90431.40585660562,4883.024599561468,222.25061364285648,5028.6328125
2025-12-02,2025-12-03,7,2025-11-23,9,91350.203125,93527.8046875,86401.26599663775,91002.23068539426,94832.04014086351,2525.5740021057427,86538.92931250669,90999.70969835762,94818.32989170961,2528.0949891423807,2.520987036637962,2177.6015625
2025-12-03,2025-12-04,7,2025-11-23,10,93527.8046875,92141.625,89986.04703852534,93471.07105134102,97312.28440765105,1329.4460513410158,89588.31509341393,93317.43812622502,97246.40270261746,1175.8131262250245,-153.63292511599138,1386.1796875
2025-12-04,2025-12-05,7,2025-11-23,11,92141.625,89387.7578125,89083.58615635335,92043.75084143132,94900.12640981376,2655.9930289313197,88924.92028793693,92050.90151504427,95070.51235310733,2663.143702544272,7.150673612952232,2753.8671875
2025-12-05,2025-12-06,7,2025-11-23,12,89387.7578125,89272.375,85119.18369825836,89736.97136485949,93433.3049631482,464.5963648594916,85286.29941111244,89395.6644540187,93480.85137077142,123.28945401869714,-341.30691084079444,115.3828125
2025-12-06,2025-12-07,7,2025-11-23,13,89272.375,90405.640625,85009.01283480227,89255.09755649418,92841.1913857311,1150.5430685058236,84802.82753809541,89197.38546771556,92790.72656460106,1208.2551572844386,57.712088778615,1133.265625
2025-12-07,2025-12-08,7,2025-11-23,14,90405.640625,90640.203125,87218.66862504464,90264.63723097835,94080.4691724293,375.56589402165264,86879.52116400842,90171.20975188073,94136.23036482185,468.9933731192723,93.42747909761965,234.5625
2025-12-08,2025-12-09,7,2025-11-23,15,90640.203125,92691.7109375,85986.3043460641,90510.37379447836,94895.01353284717,2181.3371430216357,85984.38643119019,90508.55312599242,94973.36170609109,2183.1578115075827,1.8206684859469533,2051.5078125
2025-12-09,2025-12-10,7,2025-11-23,16,92691.7109375,92020.9453125,88870.05719651654,92445.02056973753,97973.41850680951,424.07525723753497,88870.05719651654,92445.02056973753,98040.0593259614,424.07525723753497,0.0,670.765625
2025-12-10,2025-12-11,7,2025-11-23,17,92020.9453125,92511.3359375,87162.93052067282,91827.37856215099,96325.0918654846,683.9573753490113,87158.56455957005,91851.01289178897,96442.32559992,660.323045711033,-23.634329637978226,490.390625
2025-12-11,2025-12-12,7,2025-11-23,18,92511.3359375,90270.4140625,88335.8679124536,92265.74871492479,96671.06670597382,1995.33465242479,88241.96269891784,92265.74871492479,96774.05916507076,1995.33465242479,0.0,2240.921875
2025-12-12,2025-12-13,7,2025-11-23,19,90270.4140625,90298.7109375,85571.11313750548,90479.060486109,94625.18312811665,180.34954860899597,85486.97231610166,90347.33420464024,94615.64881838858,48.62326714023948,-131.7262814687565,28.296875
2025-12-13,2025-12-14,7,2025-11-23,20,90298.7109375,88175.1796875,85596.8281947705,90144.09044696018,94375.88448653463,1968.910759460181,85533.91001270385,90144.09044696018,94298.16519234795,1968.910759460181,0.0,2123.53125
2025-12-14,2025-12-15,7,2025-11-23,21,88175.1796875,86419.78125,84310.24806298781,88221.42940981686,91764.36836529896,1801.6481598168612,84259.10007462557,88312.16295596212,91760.32151459623,1892.3817059621215,90.73354614526033,1755.3984375
2025-12-15,2025-12-16,7,2025-11-23,22,86419.78125,87843.984375,81414.55021636002,86530.25003270432,90312.89153421298,1313.7343422956765,81867.05705320649,86360.41058929637,90267.03715094179,1483.5737857036293,169.83944340795279,1424.203125
2025-12-16,2025-12-17,7,2025-11-23,23,87843.984375,86143.7578125,85107.78708895203,87661.251133997,90119.32214414701,1517.4933214969933,85080.0001173187,87647.11417838931,90120.20177694038,1503.3563658893108,-14.136955607682467,1700.2265625
2025-12-17,2025-12-18,7,2025-11-23,24,86143.7578125,85462.5078125,82191.47024092963,86069.68653331976,88125.16709785536,607.1787208197638,82120.11514826585,86053.41508706147,88260.95588540565,590.9072745614685,-16.271446258295327,681.25
2025-12-18,2025-12-19,7,2025-11-23,25,85462.5078125,88103.3828125,83312.4583422849,85669.63851241302,88098.78618360776,2433.7443000869825,83409.45757468231,85401.53308233526,88012.83066173643,2701.849730164744,268.1054300777614,2640.875
2025-12-19,2025-12-20,7,2025-11-23,26,88103.3828125,88344.0,84548.91894292831,87753.73078812333,90777.52788059972,590.2692118766718,83976.8346040491,87734.3532297383,90789.02838273067,609.6467702616937,19.377558385021985,240.6171875
2025-12-20,2025-12-21,7,2025-11-23,27,88344.0,88621.75,85549.19663572311,88090.56651163101,93140.48507595062,531.183488368988,85704.3824558258,88055.24411058426,93266.17763900757,566.505889415741,35.32240104675293,277.75
2025-12-21,2025-12-22,7,2025-11-23,28,88621.75,88490.015625,85626.65126207471,88484.61176005006,92875.5920561254,5.403864949941635,86025.09273189306,88460.04393191636,93000.91914498806,29.971693083643913,24.567828133702278,131.734375
2025-12-22,2025-12-23,7,2025-11-23,29,88490.015625,87414.0,85060.66949217673,88248.97481619939,91329.23372953758,834.9748161993921,85346.36350638885,88216.27871174086,91175.61109065078,802.2787117408589,-32.69610445853323,1076.015625
2025-12-23,2025-12-24,7,2025-11-23,30,87414.0,87611.9609375,84251.48483276367,87309.87254583836,89906.72319889069,302.088391661644,84242.57525324821,87344.20308351517,89971.20562934875,267.75785398483276,-34.33053767681122,197.9609375
2025-12-24,2025-12-25,7,2025-11-23,31,87611.9609375,87234.7421875,84603.57297989819,87620.31626519561,90994.39602771495,385.57407769560814,84588.92504603183,87485.10617476143,90648.52723775525,250.36398726142943,-135.2100904341787,377.21875
2025-12-25,2025-12-26,7,2025-11-23,32,87234.7421875,87301.4296875,84561.72876867699,87121.24540993758,89258.53927181382,180.18427756242454,84548.5269948896,87125.75345951365,89367.91796948668,175.67622798634693,-4.50804957607761,66.6875
2025-12-26,2025-12-27,7,2025-11-23,33,87301.4296875,87802.15625,85791.27021180466,87375.90319142863,89783.97001367994,426.25305857136846,85598.97225640481,87262.91806071298,89685.03972743824,539.238189287018,112.98513071564957,500.7265625
2025-12-27,2025-12-28,7,2025-11-23,34,87802.15625,87835.8359375,86384.64356866106,88125.30924177915,90887.28657926992,289.4733042791486,86384.64356866106,87942.087335933,91677.36497635022,106.25139843299985,-183.22190584614873,33.6796875
2025-12-28,2025-12-29,7,2025-11-23,35,87835.8359375,87138.140625,86835.65010397602,87933.7697750954,90602.39093592484,795.6291500953957,86826.7132355501,87820.06684101559,90441.95660900977,681.9262160155922,-113.70293407980353,697.6953125
2025-12-29,2025-12-30,7,2025-11-23,36,87138.140625,88430.1328125,85490.28128097206,87352.66690637916,89566.16636274196,1077.4659061208367,85655.03501357976,87146.70006988943,89696.64595892653,1283.4327426105738,205.96683648973703,1291.9921875
2025-12-30,2025-12-31,7,2025-11-23,37,88430.1328125,87508.828125,86790.39877275797,88091.53889431106,91112.20313225035,582.7107693110593,86814.71845921827,88140.84239391005,91066.27297450975,632.0142689100467,49.3034995989874,921.3046875
2025-12-31,2026-01-01,7,2025-11-23,38,87508.828125,88731.984375,85819.95087169111,87367.34595281538,91095.95016678795,1364.6384221846238,86344.87711414229,87415.55681797676,91007.76960999705,1316.4275570232421,-48.21086516138166,1223.15625
2026-01-01,2026-01-02,7,2025-11-23,39,88731.984375,89944.6953125,86657.77599477209,88511.59847850166,91829.6887641158,1433.0968339983374,86657.77599477209,88500.86213653162,91476.39435840212,1443.8331759683788,10.736341970041394,1212.7109375
2026-01-02,2026-01-03,7,2025-11-23,40,89944.6953125,90603.1875,88560.45907300757,90757.36629340891,93546.95086930785,154.17879340890795,88560.45907300757,90790.66958087217,93546.95086930785,187.48208087217063,33.30328746326268,658.4921875
2026-01-03,2026-01-04,7,2025-11-23,41,90603.1875,91413.4921875,89532.8340061605,91961.42396079004,95212.82521223277,547.9317732900381,89501.64686475322,91930.14501307905,94887.03164222091,516.6528255790472,-31.278947710990906,810.3046875
2026-01-04,2026-01-05,7,2025-11-23,42,91413.4921875,93882.5546875,90277.45565473381,92638.76701671816,95812.76911438443,1243.787670781836,90273.16210377496,92672.75581225287,95808.54094745032,1209.7988752471283,-33.988795534707606,2469.0625
2026-01-05,2026-01-06,7,2025-11-23,43,93882.5546875,93729.03125,92099.21760980133,94913.77778840251,98406.21757914219,1184.7465384025127,92524.59629954817,94921.06356729474,99141.81264711358,1192.0323172947392,7.285778892226517,153.5234375
2026-01-06,2026-01-07,7,2025-11-23,44,93729.03125,91308.0546875,92593.87818702124,94888.93891692907,97351.75105573237,3580.884229429066,92577.3583576642,94874.5029213056,97335.15859946236,3566.448233805597,-14.435995623469353,2420.9765625
2026-01-07,2026-01-08,7,2025-11-23,45,91308.0546875,91027.125,88531.79656213056,91408.19455613196,94087.88301688153,381.06955613195896,88562.36643398413,91405.49513358623,94083.72503537964,378.3701335862279,-2.6994225457310677,280.9296875
2026-01-08,2026-01-09,7,2025-11-23,46,91027.125,90513.1015625,88576.0381218195,90713.76719353348,93980.71290153265,200.66563103348017,88537.71140474081,90713.76719353348,93976.54601043463,200.66563103348017,0.0,514.0234375
2026-01-09,2026-01-10,7,2025-11-23,47,90513.1015625,90386.6484375,88223.36052012118,90645.30067352578,93024.2049018303,258.65223602578044,88170.05251261033,90544.15518978797,92698.16339531168,157.506752287969,-101.14548373781145,126.453125
2026-01-10,2026-01-11,7,2025-11-23,48,90386.6484375,90827.4609375,88287.71398468874,90348.93080152804,93044.09051578492,478.5301359719597,88269.8976410008,90353.60712034302,93030.63263053168,473.8538171569817,-4.6763188149780035,440.8125
2026-01-11,2026-01-12,7,2025-11-23,49,90827.4609375,91192.9921875,88847.51058064168,90849.48402590118,94068.22227784898,343.5081615988165,88811.20063622016,90797.62041063979,93816.28854091745,395.3717768602073,51.863615261390805,365.53125
2026-01-12,2026-01-13,7,2025-11-23,50,91192.9921875,95321.78125,89974.64623344736,91291.1034300914,94608.58969800174,4030.6778199085966,89974.64623344736,91295.83233762905,95430.99563853163,4025.94891237095,-4.728907537646592,4128.7890625
2026-01-13,2026-01-14,7,2025-11-23,51,95321.78125,96929.328125,92823.01573668793,96056.39210727811,99710.64022845402,872.9360177218914,92843.54911465943,96025.79089705274,100573.38300051168,903.5372279472649,30.601210225373507,1607.546875
2026-01-14,2026-01-15,7,2025-11-23,52,96929.328125,95551.1875,94178.42982697021,97575.63857833669,101157.59247010387,2024.451078336686,94628.41137637291,97485.09456731752,101913.75513282791,1933.9070673175156,-90.54401101917028,1378.140625
2026-01-15,2026-01-16,7,2025-11-23,53,95551.1875,95525.1171875,93075.82452698424,96011.48120866716,98265.53072925657,486.3640211671591,93252.70329102874,95947.97867400199,98157.93522388488,422.86148650199175,-63.50253466516733,26.0703125
2026-01-16,2026-01-17,7,2025-11-23,54,95525.1171875,95099.921875,93607.95498915482,95116.68808751041,98549.59807272535,16.766212510410696,93636.07068061829,94973.43357207486,98373.96894779988,126.48830292513594,109.72209041472524,425.1953125
2026-01-17,2026-01-18,7,2025-11-23,55,95099.921875,93634.4296875,92777.0467695687,95073.2690720167,97408.20652639493,1438.839384516701,92722.0179708954,95022.03809937462,97392.48239294626,1387.608411874622,-51.230972642078996,1465.4921875
2026-01-18,2026-01-19,7,2025-11-23,56,93634.4296875,92553.59375,90175.35819783295,93585.12113795942,96381.52144050132,1031.527387959417,90079.94461968401,93513.76745308377,96398.90082061104,960.1737030837685,-71.35368487564847,1080.8359375
2026-01-19,2026-01-20,7,2025-11-23,57,92553.59375,88310.90625,90518.61594342627,92460.60553453863,95470.39839884266,4149.699284538627,90423.46521132626,92447.60285158642,95272.04266348854,4136.696601586416,-13.002682952210307,4242.6875
2026-01-20,2026-01-21,7,2025-11-23,58,88310.90625,89376.9609375,84841.57508627325,88388.92540719733,92879.6537736766,988.0355303026736,84516.59176652133,88113.43177277595,92525.79357520491,1263.529164724052,275.4936344213784,1066.0546875
2026-01-21,2026-01-22,7,2025-11-23,59,89376.9609375,89462.453125,85323.5545852636,88955.02954791952,91725.39731955528,507.42357708048075,85753.24782472942,89194.30974658113,91728.83874373231,268.14337841887027,-239.28019866161048,85.4921875
2026-01-22,2026-01-23,7,2025-11-23,60,89462.453125,89503.875,85748.73997800983,89105.00784800481,91495.35814955644,398.8671519951895,85865.08712790255,89940.3621475026,91563.34596573189,436.48714750260115,37.61999550741166,41.421875
2026-01-23,2026-01-24,7,2025-11-23,61,89503.875,89110.734375,85856.06155391783,89398.31972368062,92350.30378304422,287.5853486806154,86198.15859697759,89682.72039994597,92779.32148298621,571.9860249459743,284.4006762653589,393.140625
2026-01-24,2026-01-25,7,2025-11-23,62,89110.734375,86572.21875,84689.2374441661,88885.50387840439,91415.22929165885,2313.2851284043863,84951.50973968301,89144.8124050945,91850.6696069967,2572.5936550945044,259.308526690118,2538.515625
2026-01-25,2026-01-26,7,2025-11-23,63,86572.21875,88267.140625,80946.71725253575,86373.2656897232,90942.53985911608,1893.8749352768064,81134.68960650824,86669.60027696192,90836.58223540708,1597.5403480380774,-296.334587238729,1694.921875
2026-01-26,2026-01-27,7,2025-11-23,64,88267.140625,89102.5703125,84471.30785864778,87875.02322853077,95092.40660076216,1227.547083969228,84763.18491546065,87917.04914745037,94941.33846908249,1185.5211650496349,-42.025918919593096,835.4296875
2026-01-27,2026-01-28,7,2025-11-23,65,89102.5703125,89184.5703125,86817.29964571074,89237.51034703851,93286.99662754033,52.94003453850746,86901.75400769245,88761.15736695891,92704.01616503671,423.41294554108754,370.4729110025801,82.0
2026-01-28,2026-01-29,7,2025-11-23,66,89184.5703125,84561.5859375,87703.20693292888,88921.58633098006,91976.58500052057,4360.0003934800625,87689.5187102491,88931.8777481094,92106.5035101492,4370.2918106094,10.291417129337788,4622.984375
2026-01-29,2026-01-30,7,2025-11-23,67,84561.5859375,84128.65625,80799.34692702116,84014.71737037785,89194.54555236641,113.93887962214649,80864.99635639228,83736.44947432028,89020.10203984939,392.2067756797187,278.2678960575722,432.9296875
2026-01-30,2026-01-31,7,2025-11-23,68,84128.65625,78621.1171875,80022.56175261922,84186.28240904957,88027.41792470217,5565.165221549571,80267.63339125738,84100.93632246554,88002.86713504791,5479.819134965539,-85.34608658403158,5507.5390625
2026-01-31,2026-02-01,7,2025-11-23,69,78621.1171875,76974.4453125,74775.61604782753,78938.69048867002,83623.32780983392,1964.2451761700213,74610.06254789047,78571.80916195828,82432.36232387368,1597.3638494582847,-366.8813267117366,1646.671875
2026-02-01,2026-02-02,7,2025-11-23,70,76974.4453125,78688.765625,72813.22651350684,77411.16196152661,81690.76122590527,1277.60366347339,72998.03712997818,77342.30474020634,80653.97554859519,1346.4608847936615,68.85722132027149,1714.3203125
2026-02-02,2026-02-03,7,2025-11-23,71,78688.765625,75633.546875,74638.62815932091,78644.44308452867,83898.13216796517,3010.8962095286697,74725.92245807778,78573.59268279746,83211.531459013,2940.0458077974617,-70.85040173120797,3055.21875
2026-02-03,2026-02-04,7,2025-11-23,72,75633.546875,73019.703125,71926.16680198535,76139.2667327188,78813.80258071795,3119.5636077187955,72203.37052859552,76231.25923955254,78621.25215673074,3211.5561145525426,91.99250683374703,2613.84375
2026-02-04,2026-02-05,7,2025-11-23,73,73019.703125,62702.09765625,67408.9922091579,73354.14359638281,77127.67771336809,10652.045940132812,67631.52599669341,73424.7033022996,76668.50864266604,10722.605646049604,70.55970591679215,10317.60546875
2026-02-05,2026-02-06,7,2025-11-23,74,62702.09765625,70555.390625,59607.01515995152,63370.52024589898,67408.2336930572,7184.870379101019,59252.11023426941,63192.57071733568,67313.87342722854,7362.819907664321,177.949528563302,7853.29296875
2026-02-06,2026-02-07,7,2025-11-23,75,70555.390625,69281.96875,66434.39402774442,68516.92667159252,72045.52551344037,765.0420784074813,66754.48184485547,71033.06848284788,73524.97861223295,1751.0997328478843,986.057654440403,1273.421875
2026-02-07,2026-02-08,7,2025-11-23,76,69281.96875,70264.7265625,65728.66757091507,69720.80533976108,73913.5142416358,543.9212227389216,65647.66276660189,69355.02008504793,73743.8567487523,909.7064774520695,365.7852547131479,982.7578125
2026-02-08,2026-02-09,7,2025-11-23,77,70264.7265625,70120.78125,66173.01589870825,68237.36589816399,71645.82088825759,1883.4153518360108,66171.12706377404,68132.4915842223,71840.93628053088,1988.2896657777019,104.87431394169107,143.9453125
2026-02-09,2026-02-10,7,2025-11-23,78,70120.78125,68793.9609375,66620.83091843873,70340.9000745602,74234.89595314488,1546.9391370601952,66701.95548428223,70319.40060177818,74021.53959883377,1525.4396642781794,-21.4994727820158,1326.8203125
2026-02-10,2026-02-11,7,2025-11-23,79,68793.9609375,66991.96875,65161.418395943474,68976.18447351828,72925.1784415422,1984.2157235182822,65344.8064568094,68949.85965125822,72906.26721408684,1957.8909012582153,-26.324822260066867,1801.9921875
2026-02-11,2026-02-12,7,2025-11-23,80,66991.96875,66221.84375,63145.768040947616,67181.75758473203,70893.55281982943,959.9138347320259,63154.57667064294,67284.56219948083,70831.38130380213,1062.7184494808316,102.80461474880576,770.125
2026-02-12,2026-02-13,7,2025-11-23,81,66221.84375,68857.84375,62811.92649245635,66456.60322254151,69938.01878336072,2401.240527458489,62675.29660574533,66449.55364930257,69950.05752825364,2408.290100697428,7.049573238939047,2636.0
2026-02-13,2026-02-14,7,2025-11-23,82,68857.84375,69767.625,65730.53452632762,68585.4161258582,72443.61792018637,1182.2088741417974,65699.92915408686,68585.4161258582,72452.98381256312,1182.2088741417974,0.0,909.78125
2026-02-14,2026-02-15,7,2025-11-23,83,69767.625,68788.1875,65886.74530215561,69857.04051880538,73321.55711531639,1068.8530188053846,65766.00815337896,69460.07670103759,73228.45718809962,671.8892010375857,-396.9638177677989,979.4375
2026-02-15,2026-02-16,7,2025-11-23,84,68788.1875,68843.15625,66641.68091338128,68970.11693666875,72379.69073687494,126.96068666875362,66631.27077095583,69000.66264799982,72380.22374928743,157.5063979998231,30.54571133106947,54.96875
2026-02-16,2026-02-17,7,2025-11-23,85,68843.15625,67494.21875,65548.17325581238,68396.92686887272,72648.30326247588,902.708118872717,65594.5413579829,68405.99942408502,72756.06601461768,911.780674085021,9.072555212303996,1348.9375
2026-02-17,2026-02-18,7,2025-11-23,86,67494.21875,66425.3203125,63772.7029480692,67744.58419857547,71294.18646909297,1319.2638860754669,63714.86070075072,67598.29295629635,71301.63700755686,1172.9726437963545,-146.29124227911234,1068.8984375
2026-02-18,2026-02-19,7,2025-11-23,87,66425.3203125,66957.5234375,62162.32428350486,66621.15311296564,70107.55659656972,336.37032453436404,62568.85689680418,66625.6587481387,70108.07921857573,331.86468936130404,-4.50563517306,532.203125
2026-02-19,2026-02-20,7,2025-11-23,88,66957.5234375,68005.421875,63562.37730742106,67116.77947945893,71022.25613633543,888.6423955410719,63440.18948212499,67053.9215539163,70674.65779455379,951.5003210837021,62.857925542630255,1047.8984375
2026-02-20,2026-02-21,8,2026-02-19,1,68005.421875,68003.765625,64237.474677950144,67894.85216558538,73317.03214474395,108.91345941461623,64252.66696737334,67694.00831589755,72572.64239051938,309.7573091024533,200.84384968783706,1.65625
2026-02-21,2026-02-22,8,2026-02-19,2,68003.765625,67659.390625,65227.42208430916,67833.06730522122,70522.99768419564,173.67668022122234,65255.32933222968,67890.4099103529,70598.53573390469,231.01928535290062,57.34260513167828,344.375
2026-02-22,2026-02-23,8,2026-02-19,3,67659.390625,64616.73828125,64894.25948183797,67577.68581449613,70118.31020539999,2960.9475332461298,64849.29763917718,67718.30197109282,70186.35990788974,3101.56368984282,140.61615659669042,3042.65234375
2026-02-23,2026-02-24,8,2026-02-19,4,64616.73828125,64080.04296875,61096.97964368737,64221.28600717988,68489.47146555874,141.24303842987865,61077.298694677884,64369.312933643814,68451.91975267371,289.2699648938142,148.02692646393552,536.6953125
2026-02-24,2026-02-25,8,2026-02-19,5,64080.04296875,67960.125,60665.919652423356,64207.20070400927,67736.87821120862,3752.924295990728,60741.22428742191,64305.95687374566,67721.56214373326,3654.1681262543425,-98.75616973638535,3880.08203125
2026-02-25,2026-02-26,8,2026-02-19,6,67960.125,67453.7734375,64381.52383813262,67564.39209343493,71468.51875162125,110.61865593492985,64662.6694367677,67584.40679537505,71812.66954636574,130.63335787504911,20.014701940119267,506.3515625
2026-02-26,2026-02-27,8,2026-02-19,7,67453.7734375,65881.796875,63809.91741341073,67286.26894158404,70844.6478982456,1404.4720665840432,63722.02801106032,67215.98958416935,70667.96044739056,1334.1927091693506,-70.27935741469264,1571.9765625
2026-02-27,2026-02-28,8,2026-02-19,8,65881.796875,66995.859375,63286.043516439386,66354.90510031581,68165.52577742375,640.9542746841908,63397.64883575961,66442.78039800934,68271.64527178742,553.0789769906551,-87.87529769353569,1114.0625
2026-02-28,2026-03-01,8,2026-02-19,9,66995.859375,65738.1015625,63237.690430521034,66727.99519234803,70604.9238200672,989.8936298480257,63190.15061784536,66658.49641873967,70565.19882582128,920.394856239669,-69.49877360835671,1257.7578125
2026-03-01,2026-03-02,8,2026-02-19,10,65738.1015625,68775.8515625,62556.76635501254,65713.07148642652,69330.94407264702,3062.7800760734826,62483.47854304034,65780.2232465623,69344.74431183469,2995.6283159377053,-67.1517601357773,3037.75
2026-03-02,2026-03-03,8,2026-02-19,11,68775.8515625,68293.6484375,64977.88042236725,68625.14268405177,72611.70489025488,331.494246551767,64960.42944598943,68606.82674267143,72572.8593529854,313.1783051714301,-18.31594138033688,482.203125
2026-03-03,2026-03-04,8,2026-02-19,12,68293.6484375,72710.578125,64911.005040938966,68125.47082774667,71486.5195923401,4585.107297253329,64857.3949932456,68105.45559581742,71421.30014024116,4605.122529182583,20.015231929253787,4416.9296875
2026-03-04,2026-03-05,8,2026-02-19,13,72710.578125,70841.125,70697.7557661999,72656.49986828305,76140.89395879023,1815.3748682830483,70184.79242726136,72749.72180304676,76026.22794530913,1908.596803046763,93.22193476371467,1869.453125
2026-03-05,2026-03-06,8,2026-02-19,14,70841.125,68136.4921875,68204.9502709955,71551.46946112812,74832.58274444938,3414.9772736281157,66839.57135347277,71700.28584457934,74109.30066560209,3563.793657079339,148.81638345122337,2704.6328125
2026-03-06,2026-03-07,8,2026-02-19,15,68136.4921875,67272.59375,66290.47066394286,68255.38938386925,70703.00001799408,982.7956338692456,65786.9079787326,68456.93304649461,70813.76658903435,1184.3392964946106,201.54366262536496,863.8984375
2026-03-07,2026-03-08,8,2026-02-19,16,67272.59375,65969.78125,64891.99178036675,67675.05326620862,70957.92319856212,1705.2720162086189,63505.07627011649,67646.72832825407,70952.22132118791,1676.9470782540739,-28.32493795454502,1302.8125
2026-03-08,2026-03-09,8,2026-02-19,17,65969.78125,68402.3828125,62595.58657624945,65476.577272523195,69406.22115187347,2925.8055399768054,61755.169829744846,65538.62589537725,69474.29376016557,2863.7569171227515,-62.048622854053974,2432.6015625
2026-03-09,2026-03-10,8,2026-02-19,18,68402.3828125,69926.921875,64077.81128379982,68044.99240442645,71851.35640332941,1881.929470573552,64434.29249863373,68013.13394714147,71873.53582585696,1913.7879278585315,31.858457284979522,1524.5390625
2026-03-10,2026-03-11,8,2026-02-19,19,69926.921875,70204.8828125,67266.69043682516,69698.51715524495,73727.37634919584,506.3656572550535,66217.6042183619,69681.89529352263,73761.82878374867,522.9875189773738,16.621861722320318,277.9609375
2026-03-11,2026-03-12,8,2026-02-19,20,70204.8828125,70493.4609375,67612.62484615436,70072.8564824094,72988.57079762965,420.60445509059355,67533.75887540169,70098.37797419168,73072.38707577344,395.08296330831945,-25.521491782274097,288.578125
2026-03-12,2026-03-13,8,2026-02-19,21,70493.4609375,70968.265625,66896.96674780268,70327.63095576642,74126.55226254836,640.6346692335792,66745.98150535673,70334.68987509934,74297.05877834,633.5757499006577,-7.058919332921505,474.8046875
2026-03-13,2026-03-14,8,2026-02-19,22,70968.265625,71214.625,66985.00356431585,70795.53201253433,74900.53457442485,419.0929874656722,66822.42204368114,70799.18676559348,75044.330495134,415.4382344065234,-3.6547530591487885,246.359375
2026-03-14,2026-03-15,8,2026-02-19,23,71214.625,72789.9140625,67148.79640070349,71084.99542183429,75190.0028091222,1704.91864066571,67054.38952922821,71024.60151115805,75317.08979855478,1765.312551341951,60.39391067624092,1575.2890625
2026-03-15,2026-03-16,8,2026-02-19,24,72789.9140625,74861.0859375,68615.77839955827,72676.70219126064,76607.09869139269,2184.3837462393567,68534.22975497274,72637.99305064604,76746.78480338864,2223.092886853963,38.70914061460644,2071.171875
2026-03-16,2026-03-17,8,2026-02-19,25,74861.0859375,73922.4765625,71259.58540723706,74891.01749256067,78874.3059843108,968.5409300606698,70856.08948281454,74819.2540459237,79022.71438045241,896.7774834237061,-71.76344663696364,938.609375
2026-03-17,2026-03-18,8,2026-02-19,26,73922.4765625,71245.578125,70103.1830920265,73843.99470040016,77769.26864634454,2598.4165754001588,70026.11559539568,73866.33814991219,77968.29322028626,2620.7600249121897,22.34344951203093,2676.8984375
2026-03-18,2026-03-19,8,2026-02-19,27,71245.578125,69912.7890625,68120.63535721693,71438.87337881885,74335.15972624347,1526.0843163188547,68114.26125958562,71362.69845322892,74340.16218261234,1449.9093907289207,-76.17492558993399,1332.7890625
2026-03-19,2026-03-20,8,2026-02-19,28,69912.7890625,70522.5859375,65864.56690577324,69839.12675927533,73302.6218284769,683.4591782246716,65782.71619807743,69965.80325165112,73264.85098973569,556.7826858488843,-126.67649237578735,609.796875
2026-03-20,2026-03-21,8,2026-02-19,29,70522.5859375,68711.5234375,67006.31714919163,70389.71413436625,73797.1760063786,1678.1906968662515,66917.28757657623,70352.29060816253,73760.47127417475,1640.767170662526,-37.42352620372549,1811.0625
2026-03-21,2026-03-22,8,2026-02-19,30,68711.5234375,67845.2109375,65073.09914191719,68720.54178563412,72150.59391211253,875.3308481341228,64964.07624122221,68512.7143214806,72149.43078274373,667.5033839805983,-207.8274641535245,866.3125
2026-03-22,2026-03-23,8,2026-02-19,31,67845.2109375,70914.859375,63242.57295644609,67789.26776742283,71350.3332107244,3125.5916075771675,63686.35345575493,67630.71494015772,71515.07318922691,3284.144434842281,158.5528272651136,3069.6484375
2026-03-23,2026-03-24,8,2026-02-19,32,70914.859375,70517.859375,67599.8003994869,70712.26198788267,74533.78272977658,194.4026128826663,67471.31668798067,70569.53377501853,74235.53584081121,51.674400018528104,-142.7282128641382,397.0
2026-03-24,2026-03-25,8,2026-02-19,33,70517.859375,71309.8828125,66629.59157411288,70473.58715410251,73760.96663262136,836.2956583974883,66506.22368694283,70164.86690795235,73736.14258091524,1145.0159045476466,308.72024615015835,792.0234375
2026-03-25,2026-03-26,8,2026-02-19,34,71309.8828125,68791.625,68547.59870521724,71142.25552807096,73768.61183586996,2350.630528070964,68527.84709532978,70909.04031763086,73986.0368094407,2117.415317630861,-233.21521044010296,2518.2578125
2026-03-26,2026-03-27,8,2026-02-19,35,68791.625,66338.375,64972.87585367262,68507.5848923549,72485.17557477951,2169.2098923549056,64852.577141068876,68539.90345988423,72425.22918334603,2201.5284598842263,32.31856752932072,2453.25
2026-03-27,2026-03-28,8,2026-02-19,36,66338.375,66319.6953125,62609.978569574654,66439.61514338851,69923.40852311254,119.91983088850975,62589.28689365089,66486.31277240813,69930.14626738429,166.61745990812778,46.697629019618034,18.6796875
2026-03-28,2026-03-29,8,2026-02-19,37,66319.6953125,65954.921875,63037.724993266165,66211.11535556056,69377.87264781911,256.19348056055605,62953.9696369376,66212.53051591385,69363.04113484267,257.60864091385156,1.415160353295505,364.7734375
2026-03-29,2026-03-30,8,2026-02-19,38,65954.921875,66691.4453125,62636.803414574824,65822.62453878764,69093.04157949984,868.8207737123594,62540.598606332205,65863.87089577038,69129.46826114319,827.5744167296216,-41.24635698273778,736.5234375
2026-03-30,2026-03-31,8,2026-02-19,39,66691.4453125,68233.3125,62861.49678410962,66656.00711852545,70224.88169675693,1577.3053814745508,62847.48846155591,66537.7314008004,70140.64095567912,1695.5810991995968,118.27571772504598,1541.8671875
2026-03-31,2026-04-01,8,2026-02-19,40,68233.3125,68078.5546875,64442.20914411172,68057.29177254438,72151.63638212532,21.262914955615997,64388.21535534784,67979.40829447657,72017.44904659688,99.1463930234313,77.8834780678153,154.7578125
2026-04-01,2026-04-02,8,2026-02-19,41,68078.5546875,66888.5703125,64519.15566635085,67996.42485458404,71978.40702443384,1107.8545420840383,64463.05255024927,67957.57549587172,71980.24114916101,1069.0051833717152,-38.84935871232301,1189.984375
2026-04-02,2026-04-03,8,2026-02-19,42,66888.5703125,66931.1015625,63530.04342904454,66803.87325741537,70497.38887460157,127.22830508463085,63517.173814385664,66936.6679058224,70497.38887460157,5.566343322396278,-121.66196176223457,42.53125
2026-04-03,2026-04-04,8,2026-02-19,43,66931.1015625,67290.515625,64448.55496264575,66766.40697516175,70348.64889217168,524.1086498382501,64404.12895376561,66153.86183494236,70324.96778686345,1136.6537900576368,612.5451402193867,359.4140625
2026-04-04,2026-04-05,8,2026-02-19,44,67290.515625,68981.8984375,64999.326530140825,67101.05216591991,70450.79885080643,1880.8462715800852,64938.46623698529,66411.77946527023,70460.12803506106,2570.1189722297713,689.2727006496862,1691.3828125
2026-04-05,2026-04-06,8,2026-02-19,45,68981.8984375,68859.828125,66143.70628349576,68814.68208720954,73088.46622412372,45.14603779045865,66151.70753795654,68100.80654597469,73483.52919103485,759.0215790253133,713.8755412348546,122.0703125
2026-04-06,2026-04-07,8,2026-02-19,46,68859.828125,71940.703125,66053.5338194836,68730.06450235844,71424.35067079589,3210.6386226415634,66061.52912366204,68184.68050650228,71532.42682563514,3756.022618497722,545.3839958561584,3080.875
2026-04-07,2026-04-08,8,2026-02-19,47,71940.703125,71123.359375,69736.72684090678,71851.95438786875,76586.19374421425,728.5950128687546,69811.70252186246,71596.140880608,76445.95041442662,472.78150560799986,-255.8135072607547,817.34375
2026-04-08,2026-04-09,8,2026-02-19,48,71123.359375,71767.828125,68767.16188287828,70970.93173088506,74786.07408045791,796.8963941149414,68676.72950707842,70811.4838348329,74716.24461795203,956.3442901670933,159.44789605215192,644.46875
2026-04-09,2026-04-10,8,2026-02-19,49,71767.828125,72979.046875,69326.76095869951,71597.57155041676,73398.65691056103,1381.4753245832399,69118.82643861417,71455.8300967142,73467.53636997007,1523.2167782858014,141.74145370256156,1211.21875
2026-04-10,2026-04-11,8,2026-02-19,50,72979.046875,73054.2734375,71193.09942027275,72904.57675537467,76009.38915868849,149.69668212532997,71056.15182820708,72764.30149733275,75935.09303466976,289.97194016724825,140.27525804191828,75.2265625
2026-04-11,2026-04-12,8,2026-02-19,51,73054.2734375,70753.40625,71378.11812067404,72679.0831546504,76069.61648342852,1925.676904650405,71238.21643786365,72770.33777093654,75934.96182130929,2016.931520936545,91.25461628613994,2300.8671875
2026-04-12,2026-04-13,8,2026-02-19,52,70753.40625,74484.640625,66984.74888232909,70685.19252812304,73380.91868929937,3799.448096876964,67206.96325222962,70768.84131782502,73373.80843674392,3715.7993071749806,-83.64878970198333,3731.234375
2026-04-13,2026-04-14,8,2026-02-19,53,74484.640625,74181.609375,70115.00085487682,74525.64505271986,78513.36560515128,344.03567771986127,70561.71204075217,74617.71411097609,78393.06937588565,436.10473597608507,92.0690582562238,303.03125
2026-04-14,2026-04-15,8,2026-02-19,54,74181.609375,74805.078125,71066.03073685616,74070.01340824272,77473.03379142098,735.0647167572752,71278.48268054333,74109.81194609217,77518.17800555751,695.2661789078265,-39.79853784944862,623.46875
2026-04-15,2026-04-16,8,2026-02-19,55,74805.078125,75152.1328125,72083.30429343041,74581.70466399752,77607.60401757434,570.428148502484,72057.35448419582,74597.20320985653,77800.61352653429,554.9296026434749,-15.498545859009027,347.0546875
2026-04-16,2026-04-17,8,2026-02-19,56,75152.1328125,77126.875,71990.28762798524,74907.50741547206,79020.39536691271,2219.367584527936,71774.88146270206,74347.34298386425,79071.43383487221,2779.532016135752,560.1644316078164,1974.7421875
2026-04-17,2026-04-18,8,2026-02-19,57,77126.875,75726.2109375,74445.32434325665,77014.53058175743,81718.8829895854,1288.3196442574263,74476.97091724724,76728.01967568696,82383.7276763469,1001.8087381869555,-286.5109060704708,1400.6640625
2026-04-18,2026-04-19,8,2026-02-19,58,75726.2109375,73856.3515625,71800.57715021074,75602.46515041217,79598.10539953876,1746.113587912172,71859.49812718201,75763.92686239444,79779.2194735352,1907.5752998944372,161.46171198226511,1869.859375
2026-04-19,2026-04-20,8,2026-02-19,59,73856.3515625,75872.5234375,69228.31163407769,73833.09923929255,77450.49512051325,2039.4241982074454,69316.68983186502,73960.66565767676,77698.83979325555,1911.8577798232436,-127.56641838420182,2016.171875
2026-04-20,2026-04-21,8,2026-02-19,60,75872.5234375,76352.7734375,73145.11838710215,75520.56212988077,79395.95338115003,832.2113076192327,73285.92190404003,75521.44851142308,79547.37990953121,831.3249260769226,-0.8863815423101187,480.25
2026-04-21,2026-04-22,8,2026-02-19,61,76352.7734375,78203.1015625,73997.32275080401,76206.84171479661,79707.79225589707,1996.2598477033898,74046.70998509508,75946.05691138888,79793.13223170117,2257.044651111122,260.7848034077324,1850.328125
2026-04-22,2026-04-23,8,2026-02-19,62,78203.1015625,78268.953125,75574.64977727644,78104.48311354173,83039.93165276945,164.47001145826653,75497.80877282983,77838.5531077981,83571.08315150719,430.4000172019005,265.93000574363396,65.8515625
2026-04-23,2026-04-24,8,2026-02-19,63,78268.953125,77455.3125,75432.34774408862,78144.1452127127,82713.04410890304,688.8327127126977,75430.30438948981,78119.54098405037,82703.46180217713,664.2284840503708,-24.604228662326932,813.640625
2026-04-24,2026-04-25,8,2026-02-19,64,77455.3125,77612.015625,74723.51629687473,77494.3328178674,81581.22636135668,117.68280713260174,74826.94414604455,77388.77667166293,81663.86522669345,223.23895333707333,105.55614620447159,156.703125
2026-04-25,2026-04-26,8,2026-02-19,65,77612.015625,78657.5390625,74305.31076974887,77218.79788612481,81327.92580169067,1438.741176375188,74253.67494897824,77416.31577175856,81843.26628134027,1241.2232907414436,-197.5178856337443,1045.5234375
2026-04-26,2026-04-27,8,2026-02-19,66,78657.5390625,77366.625,75728.2269316027,78556.13463924034,82298.11210439075,1189.5096392403357,75910.72113731643,77831.92918098997,82004.41481414717,465.30418098997325,-724.2054582503624,1290.9140625
2026-04-27,2026-04-28,8,2026-02-19,67,77366.625,76350.671875,75244.22806658596,77577.44945155084,80667.29718799889,1226.7775765508413,75099.8632588461,77496.73132739961,80268.8344553858,1146.0594523996115,-80.71812415122986,1015.953125
2026-04-28,2026-04-29,8,2026-02-19,68,76350.671875,75776.1328125,74110.68659347668,76455.86032996885,79047.08967705444,679.7275174688548,73825.13411515485,75825.49869459588,79175.77874556743,49.365882095880806,-630.361635372974,574.5390625
2026-04-29,2026-04-30,8,2026-02-19,69,75776.1328125,76304.3203125,73951.21030244278,75593.36820994271,77991.05100121815,710.9521025572903,74058.52494365769,75210.74363795109,78091.5997614339,1093.576674548909,382.6245719916187,528.1875
2026-04-30,2026-05-01,8,2026-02-19,70,76304.3203125,78179.0,74362.16681779828,76410.26356538292,79467.15438650362,1768.7364346170798,74441.57195440354,75669.45671128621,79180.4244803153,2509.5432887137868,740.806854096707,1874.6796875
2026-05-01,2026-05-02,8,2026-02-19,71,78179.0,78657.25,76475.63586509228,78085.71949255466,81916.30603778362,571.5305074453354,76253.88380253315,77938.063411057,82588.85952162743,719.1865889430046,147.65608149766922,478.25
2026-05-02,2026-05-03,8,2026-02-19,72,78657.25,78538.2265625,76540.70474867523,78580.21592743695,83114.64931938052,41.98936493694782,76166.10189846158,78554.2097196281,82762.50829386711,15.983157128095627,-26.006207808852196,119.0234375
2026-05-03,2026-05-04,8,2026-02-19,73,78538.2265625,79827.90625,76466.81394266523,78479.2475807392,81508.85916855838,1348.6586692607962,76006.87244604155,78457.13338835584,81625.40339666512,1370.77286164416,22.114192383363843,1289.6796875
2026-05-04,2026-05-05,8,2026-02-19,74,79827.90625,80927.0546875,77586.98681791127,79775.6240934208,83051.56654665619,1151.4305940791965,77222.12987864576,79751.80497476086,83122.99535395205,1175.2497127391398,23.819118659943342,1099.1484375
2026-05-05,2026-05-06,8,2026-02-19,75,80927.0546875,81427.53125,79121.61883336399,80724.00887584593,85642.17069156468,703.5223741540685,78689.58091317536,80761.30999385612,85137.52269386314,666.2212561438791,-37.301118010189384,500.4765625
2026-05-06,2026-05-07,8,2026-02-19,76,81427.53125,80009.9921875,78759.59935679846,81383.48610889353,85810.60277845338,1373.4939213935286,78955.71307764575,81365.04781786725,85495.91419894248,1355.0556303672493,-18.43829102627933,1417.5390625
2026-05-07,2026-05-08,8,2026-02-19,77,80009.9921875,80186.765625,77824.4699161239,80070.20516689774,82935.25756930374,116.56045810226351,77309.43576944107,80112.19115379918,83001.9563440429,74.57447120081633,-41.98598690144718,176.7734375
2026-05-08,2026-05-09,8,2026-02-19,78,80186.765625,80664.3671875,78329.11114989314,80145.59975979757,83548.74498610944,518.7674277024344,78051.92861343082,80203.65639100783,83480.04440020211,460.71079649217427,-58.05663121026009,477.6015625
2026-05-09,2026-05-10,8,2026-02-19,79,80664.3671875,82138.9296875,78648.96192373894,80639.41381825786,84017.8884629216,1499.5158692421392,78230.38478060765,80504.16559537128,83974.90520260856,1634.7640921287239,135.2482228865847,1474.5625
2026-05-10,2026-05-11,8,2026-02-19,80,82138.9296875,81728.296875,80062.0953514995,82134.14153473172,86982.41548500676,405.84465973172337,79551.80947549548,81873.69148261845,87097.1255252529,145.39460761845112,-260.45005211327225,410.6328125
2026-05-11,2026-05-12,8,2026-02-19,81,81728.296875,80477.4921875,78832.3991067661,81778.17986869812,85115.23523383588,1300.6876811981201,79057.19408989046,81671.89109530952,84866.61917266622,1194.3989078095183,-106.28877338860184,1250.8046875
2026-05-12,2026-05-13,8,2026-02-19,82,80477.4921875,79277.1171875,77432.22318010125,80552.09252396226,83385.71569510922,1274.9753364622593,77598.93708787812,80535.99435464852,83406.13101352379,1258.8771671485156,-16.09816931374371,1200.375
2026-05-13,2026-05-14,8,2026-02-19,83,79277.1171875,81051.25,77023.05729354033,79529.87265052553,81963.60203356016,1521.3773494744673,76954.82418667758,79345.4258989133,82068.89082075655,1705.824101086706,184.4467516122386,1774.1328125
2026-05-14,2026-05-15,8,2026-02-19,84,81051.25,79065.6796875,79216.75778068602,80921.47884622216,84407.37687334418,1855.7991587221622,79187.9116947949,80735.71121253073,85030.20304739475,1670.0315250307322,-185.7676336914301,1985.5703125
2026-05-15,2026-05-16,8,2026-02-19,85,79065.6796875,78131.4375,76194.23327082675,79100.75146509614,81900.6216713246,969.3139650961384,76783.61067605764,79157.5487055676,81800.11902028788,1026.1112055676058,56.797240471467376,934.2421875
2026-05-16,2026-05-17,8,2026-02-19,86,78131.4375,77429.3515625,75960.69497008994,78198.02323707193,80984.90038523823,768.6716745719314,75552.18788726628,78211.60303909332,81107.43527919799,782.2514765933156,13.57980202138424,702.0859375
2026-05-17,2026-05-18,8,2026-02-19,87,77429.3515625,76954.171875,75281.99657747708,77422.35038147448,80053.1837600721,468.1785064744763,75521.63818904618,77481.50274614431,80106.2856644094,527.3308711443096,59.15236466983333,475.1796875
2026-05-18,2026-05-19,8,2026-02-19,88,76954.171875,76750.90625,75318.90874924231,77259.04903079197,80189.96667944826,508.1427807919681,75138.0639574416,76967.97822149657,79859.61429161578,217.07197149656713,-291.070809295401,203.265625
